Folder,Filename,Type,Size (KB),Source
D:/DNQT/web-dnqt/members,A001-back.png,.png,972.09,Original
D:/DNQT/web-dnqt/members,A001-back_w1024.webp,.webp,69.63,Transformed
D:/DNQT/web-dnqt/members,A001-front.png,.png,1122.61,Original
D:/DNQT/web-dnqt/members,A001-front_w1024.webp,.webp,64.39,Transformed
D:/DNQT/web-dnqt/members,A002-back.png,.png,783.55,Original
D:/DNQT/web-dnqt/members,A002-back_w1024.webp,.webp,48.9,Transformed
D:/DNQT/web-dnqt/members,A002-front.png,.png,1069.21,Original
D:/DNQT/web-dnqt/members,A002-front_w1024.webp,.webp,61.08,Transformed
D:/DNQT/web-dnqt/members,A003-back.png,.png,1028.41,Original
D:/DNQT/web-dnqt/members,A003-back_w1024.webp,.webp,74.74,Transformed
D:/DNQT/web-dnqt/members,A003-front.png,.png,1123.07,Original
D:/DNQT/web-dnqt/members,A003-front_w1024.webp,.webp,66.43,Transformed
D:/DNQT/web-dnqt/members,A004-back.png,.png,990.16,Original
D:/DNQT/web-dnqt/members,A004-back_w1024.webp,.webp,73.35,Transformed
D:/DNQT/web-dnqt/members,A004-front.png,.png,1125.72,Original
D:/DNQT/web-dnqt/members,A004-front_w1024.webp,.webp,67.28,Transformed
D:/DNQT/web-dnqt/members,A005-back.png,.png,893.06,Original
D:/DNQT/web-dnqt/members,A005-back_w1024.webp,.webp,61.78,Transformed
D:/DNQT/web-dnqt/members,A005-front.png,.png,1150.42,Original
D:/DNQT/web-dnqt/members,A005-front_w1024.webp,.webp,68.83,Transformed
D:/DNQT/web-dnqt/members,A006-back.png,.png,939.6,Original
D:/DNQT/web-dnqt/members,A006-back_w1024.webp,.webp,61.45,Transformed
D:/DNQT/web-dnqt/members,A006-front.png,.png,1211.5,Original
D:/DNQT/web-dnqt/members,A006-front_w1024.webp,.webp,66.82,Transformed
D:/DNQT/web-dnqt/members,A007-back.png,.png,893.07,Original
D:/DNQT/web-dnqt/members,A007-back_w1024.webp,.webp,53.95,Transformed
D:/DNQT/web-dnqt/members,A007-front.png,.png,1204.66,Original
D:/DNQT/web-dnqt/members,A007-front_w1024.webp,.webp,60.15,Transformed
D:/DNQT/web-dnqt/members,A008-back.png,.png,948.12,Original
D:/DNQT/web-dnqt/members,A008-back_w1024.webp,.webp,67.49,Transformed
D:/DNQT/web-dnqt/members,A008-front.png,.png,1084.76,Original
D:/DNQT/web-dnqt/members,A008-front_w1024.webp,.webp,60.71,Transformed
D:/DNQT/web-dnqt/members,A009-back.png,.png,896.63,Original
D:/DNQT/web-dnqt/members,A009-back_w1024.webp,.webp,63.72,Transformed
D:/DNQT/web-dnqt/members,A009-front.png,.png,1171.92,Original
D:/DNQT/web-dnqt/members,A009-front_w1024.webp,.webp,70.49,Transformed
D:/DNQT/web-dnqt/members,A010-back.png,.png,913.57,Original
D:/DNQT/web-dnqt/members,A010-back_w1024.webp,.webp,60.35,Transformed
D:/DNQT/web-dnqt/members,A010-front.png,.png,1193.75,Original
D:/DNQT/web-dnqt/members,A010-front_w1024.webp,.webp,69.21,Transformed
D:/DNQT/web-dnqt/members,A011-back.png,.png,1073.64,Original
D:/DNQT/web-dnqt/members,A011-back_w1024.webp,.webp,82.4,Transformed
D:/DNQT/web-dnqt/members,A011-front.png,.png,1232.57,Original
D:/DNQT/web-dnqt/members,A011-front_w1024.webp,.webp,75.99,Transformed
D:/DNQT/web-dnqt/members,A012-back.png,.png,915.75,Original
D:/DNQT/web-dnqt/members,A012-back_w1024.webp,.webp,66.92,Transformed
D:/DNQT/web-dnqt/members,A012-front.png,.png,1051.08,Original
D:/DNQT/web-dnqt/members,A012-front_w1024.webp,.webp,62.71,Transformed
D:/DNQT/web-dnqt/members,A013-back.png,.png,1028.51,Original
D:/DNQT/web-dnqt/members,A013-back_w1024.webp,.webp,71.17,Transformed
D:/DNQT/web-dnqt/members,A013-front.png,.png,1202.05,Original
D:/DNQT/web-dnqt/members,A013-front_w1024.webp,.webp,68.73,Transformed
D:/DNQT/web-dnqt/members,A014-back.png,.png,988.26,Original
D:/DNQT/web-dnqt/members,A014-back_w1024.webp,.webp,73.29,Transformed
D:/DNQT/web-dnqt/members,A014-front.png,.png,1157.36,Original
D:/DNQT/web-dnqt/members,A014-front_w1024.webp,.webp,67.42,Transformed
D:/DNQT/web-dnqt/members,A015-back.png,.png,934.23,Original
D:/DNQT/web-dnqt/members,A015-back_w1024.webp,.webp,58.62,Transformed
D:/DNQT/web-dnqt/members,A015-front.png,.png,1174.48,Original
D:/DNQT/web-dnqt/members,A015-front_w1024.webp,.webp,64.8,Transformed
D:/DNQT/web-dnqt/members,A016-back.png,.png,1086.4,Original
D:/DNQT/web-dnqt/members,A016-back_w1024.webp,.webp,78.19,Transformed
D:/DNQT/web-dnqt/members,A016-front.png,.png,1219.51,Original
D:/DNQT/web-dnqt/members,A016-front_w1024.webp,.webp,68.93,Transformed
D:/DNQT/web-dnqt/members,A017-back.png,.png,946.77,Original
D:/DNQT/web-dnqt/members,A017-back_w1024.webp,.webp,64.34,Transformed
D:/DNQT/web-dnqt/members,A017-front.png,.png,1158.01,Original
D:/DNQT/web-dnqt/members,A017-front_w1024.webp,.webp,65.41,Transformed
D:/DNQT/web-dnqt/members,A018-back.png,.png,988.22,Original
D:/DNQT/web-dnqt/members,A018-back_w1024.webp,.webp,70.65,Transformed
D:/DNQT/web-dnqt/members,A018-front.png,.png,1119.21,Original
D:/DNQT/web-dnqt/members,A018-front_w1024.webp,.webp,64.06,Transformed
D:/DNQT/web-dnqt/members,A019-back.png,.png,975.8,Original
D:/DNQT/web-dnqt/members,A019-back_w1024.webp,.webp,72.06,Transformed
D:/DNQT/web-dnqt/members,A019-front.png,.png,1164.97,Original
D:/DNQT/web-dnqt/members,A019-front_w1024.webp,.webp,75.56,Transformed
D:/DNQT/web-dnqt/members,A020-back.png,.png,892.26,Original
D:/DNQT/web-dnqt/members,A020-back_w1024.webp,.webp,58.45,Transformed
D:/DNQT/web-dnqt/members,A020-front.png,.png,1123.97,Original
D:/DNQT/web-dnqt/members,A020-front_w1024.webp,.webp,62.49,Transformed
D:/DNQT/web-dnqt/members,A021-back.png,.png,774.67,Original
D:/DNQT/web-dnqt/members,A021-back_w1024.webp,.webp,48.79,Transformed
D:/DNQT/web-dnqt/members,A021-front.png,.png,1100.7,Original
D:/DNQT/web-dnqt/members,A021-front_w1024.webp,.webp,64.68,Transformed
D:/DNQT/web-dnqt/members,A022-back.png,.png,876.84,Original
D:/DNQT/web-dnqt/members,A022-back_w1024.webp,.webp,59.74,Transformed
D:/DNQT/web-dnqt/members,A022-front.png,.png,1158.24,Original
D:/DNQT/web-dnqt/members,A022-front_w1024.webp,.webp,62.03,Transformed
D:/DNQT/web-dnqt/members,A023-back.png,.png,833.06,Original
D:/DNQT/web-dnqt/members,A023-back_w1024.webp,.webp,53.87,Transformed
D:/DNQT/web-dnqt/members,A023-front.png,.png,1120.9,Original
D:/DNQT/web-dnqt/members,A023-front_w1024.webp,.webp,63.63,Transformed
D:/DNQT/web-dnqt/members,A024-back.png,.png,1022.65,Original
D:/DNQT/web-dnqt/members,A024-back_w1024.webp,.webp,75.49,Transformed
D:/DNQT/web-dnqt/members,A024-front.png,.png,1176.06,Original
D:/DNQT/web-dnqt/members,A024-front_w1024.webp,.webp,71.81,Transformed
D:/DNQT/web-dnqt/members,A025-back.png,.png,1025.82,Original
D:/DNQT/web-dnqt/members,A025-back_w1024.webp,.webp,74.81,Transformed
D:/DNQT/web-dnqt/members,A025-front.png,.png,1259.39,Original
D:/DNQT/web-dnqt/members,A025-front_w1024.webp,.webp,75.92,Transformed
D:/DNQT/web-dnqt/members,A026-back.png,.png,887.68,Original
D:/DNQT/web-dnqt/members,A026-back_w1024.webp,.webp,61.41,Transformed
D:/DNQT/web-dnqt/members,A026-front.png,.png,1126.95,Original
D:/DNQT/web-dnqt/members,A026-front_w1024.webp,.webp,63.6,Transformed
D:/DNQT/web-dnqt/members,A027-back.png,.png,981.71,Original
D:/DNQT/web-dnqt/members,A027-back_w1024.webp,.webp,71.71,Transformed
D:/DNQT/web-dnqt/members,A027-front.png,.png,1183.69,Original
D:/DNQT/web-dnqt/members,A027-front_w1024.webp,.webp,65.94,Transformed
D:/DNQT/web-dnqt/members,A028-back.png,.png,978.73,Original
D:/DNQT/web-dnqt/members,A028-back_w1024.webp,.webp,69.66,Transformed
D:/DNQT/web-dnqt/members,A028-front.png,.png,1144.4,Original
D:/DNQT/web-dnqt/members,A028-front_w1024.webp,.webp,68.61,Transformed
D:/DNQT/web-dnqt/members,A029-back.png,.png,922.07,Original
D:/DNQT/web-dnqt/members,A029-back_w1024.webp,.webp,60.13,Transformed
D:/DNQT/web-dnqt/members,A029-front.png,.png,1172.61,Original
D:/DNQT/web-dnqt/members,A029-front_w1024.webp,.webp,63.2,Transformed
D:/DNQT/web-dnqt/members,A030-back.png,.png,945.58,Original
D:/DNQT/web-dnqt/members,A030-back_w1024.webp,.webp,68.7,Transformed
D:/DNQT/web-dnqt/members,A030-front.png,.png,1150.16,Original
D:/DNQT/web-dnqt/members,A030-front_w1024.webp,.webp,68.59,Transformed
D:/DNQT/web-dnqt/members,A031-back.png,.png,865.4,Original
D:/DNQT/web-dnqt/members,A031-back_w1024.webp,.webp,57.05,Transformed
D:/DNQT/web-dnqt/members,A031-front.png,.png,1038.51,Original
D:/DNQT/web-dnqt/members,A031-front_w1024.webp,.webp,57.17,Transformed
D:/DNQT/web-dnqt/members,A032-back.png,.png,815.69,Original
D:/DNQT/web-dnqt/members,A032-back_w1024.webp,.webp,50.09,Transformed
D:/DNQT/web-dnqt/members,A032-front.png,.png,1114.16,Original
D:/DNQT/web-dnqt/members,A032-front_w1024.webp,.webp,60.28,Transformed
D:/DNQT/web-dnqt/members,A033-back.png,.png,723.21,Original
D:/DNQT/web-dnqt/members,A033-back_w1024.webp,.webp,45.22,Transformed
D:/DNQT/web-dnqt/members,A033-front.png,.png,1025.38,Original
D:/DNQT/web-dnqt/members,A033-front_w1024.webp,.webp,57.46,Transformed
D:/DNQT/web-dnqt/members,A034-back.png,.png,945.02,Original
D:/DNQT/web-dnqt/members,A034-back_w1024.webp,.webp,67.12,Transformed
D:/DNQT/web-dnqt/members,A034-front.png,.png,1156.75,Original
D:/DNQT/web-dnqt/members,A034-front_w1024.webp,.webp,70.68,Transformed
D:/DNQT/web-dnqt/members,A035-back.png,.png,933.83,Original
D:/DNQT/web-dnqt/members,A035-back_w1024.webp,.webp,59.32,Transformed
D:/DNQT/web-dnqt/members,A035-front.png,.png,1137.82,Original
D:/DNQT/web-dnqt/members,A035-front_w1024.webp,.webp,61.58,Transformed
D:/DNQT/web-dnqt/members,A036-back.png,.png,893.89,Original
D:/DNQT/web-dnqt/members,A036-back_w1024.webp,.webp,60.7,Transformed
D:/DNQT/web-dnqt/members,A036-front.png,.png,1101.84,Original
D:/DNQT/web-dnqt/members,A036-front_w1024.webp,.webp,57.38,Transformed
D:/DNQT/web-dnqt/members,A037-back.png,.png,992.75,Original
D:/DNQT/web-dnqt/members,A037-back_w1024.webp,.webp,68.35,Transformed
D:/DNQT/web-dnqt/members,A037-front.png,.png,1146.25,Original
D:/DNQT/web-dnqt/members,A037-front_w1024.webp,.webp,64.16,Transformed
D:/DNQT/web-dnqt/members,A038-back.png,.png,886.85,Original
D:/DNQT/web-dnqt/members,A038-back_w1024.webp,.webp,60.61,Transformed
D:/DNQT/web-dnqt/members,A038-front.png,.png,1033.35,Original
D:/DNQT/web-dnqt/members,A038-front_w1024.webp,.webp,56.69,Transformed
D:/DNQT/web-dnqt/members,A039-back.png,.png,945.97,Original
D:/DNQT/web-dnqt/members,A039-back_w1024.webp,.webp,69.61,Transformed
D:/DNQT/web-dnqt/members,A039-front.png,.png,1105.9,Original
D:/DNQT/web-dnqt/members,A039-front_w1024.webp,.webp,64.91,Transformed
D:/DNQT/web-dnqt/members,A040-back.png,.png,1069.29,Original
D:/DNQT/web-dnqt/members,A040-back_w1024.webp,.webp,76.22,Transformed
D:/DNQT/web-dnqt/members,A040-front.png,.png,1257.63,Original
D:/DNQT/web-dnqt/members,A040-front_w1024.webp,.webp,70.46,Transformed
D:/DNQT/web-dnqt/members,A041-back.png,.png,1010.94,Original
D:/DNQT/web-dnqt/members,A041-back_w1024.webp,.webp,75.37,Transformed
D:/DNQT/web-dnqt/members,A041-front.png,.png,1159.59,Original
D:/DNQT/web-dnqt/members,A041-front_w1024.webp,.webp,67.64,Transformed
D:/DNQT/web-dnqt/members,A042-back.png,.png,965.53,Original
D:/DNQT/web-dnqt/members,A042-back_w1024.webp,.webp,64.43,Transformed
D:/DNQT/web-dnqt/members,A042-front.png,.png,1150.37,Original
D:/DNQT/web-dnqt/members,A042-front_w1024.webp,.webp,62.03,Transformed
D:/DNQT/web-dnqt/members,A043-back.png,.png,942.79,Original
D:/DNQT/web-dnqt/members,A043-back_w1024.webp,.webp,68.64,Transformed
D:/DNQT/web-dnqt/members,A043-front.png,.png,1040.04,Original
D:/DNQT/web-dnqt/members,A043-front_w1024.webp,.webp,60.63,Transformed
D:/DNQT/web-dnqt/members,A044-back.png,.png,835.98,Original
D:/DNQT/web-dnqt/members,A044-back_w1024.webp,.webp,54.0,Transformed
D:/DNQT/web-dnqt/members,A044-front.png,.png,1109.0,Original
D:/DNQT/web-dnqt/members,A044-front_w1024.webp,.webp,56.85,Transformed
D:/DNQT/web-dnqt/members,A045-back.png,.png,994.65,Original
D:/DNQT/web-dnqt/members,A045-back_w1024.webp,.webp,76.25,Transformed
D:/DNQT/web-dnqt/members,A045-front.png,.png,1076.78,Original
D:/DNQT/web-dnqt/members,A045-front_w1024.webp,.webp,59.91,Transformed
D:/DNQT/web-dnqt/members,A046-back.png,.png,985.42,Original
D:/DNQT/web-dnqt/members,A046-back_w1024.webp,.webp,70.7,Transformed
D:/DNQT/web-dnqt/members,A046-front.png,.png,1184.13,Original
D:/DNQT/web-dnqt/members,A046-front_w1024.webp,.webp,65.4,Transformed
D:/DNQT/web-dnqt/members,A047-back.png,.png,914.35,Original
D:/DNQT/web-dnqt/members,A047-back_w1024.webp,.webp,65.93,Transformed
D:/DNQT/web-dnqt/members,A047-front.png,.png,1031.79,Original
D:/DNQT/web-dnqt/members,A047-front_w1024.webp,.webp,59.05,Transformed
D:/DNQT/web-dnqt/members,A048-back.png,.png,892.51,Original
D:/DNQT/web-dnqt/members,A048-back_w1024.webp,.webp,63.58,Transformed
D:/DNQT/web-dnqt/members,A048-front.png,.png,1113.75,Original
D:/DNQT/web-dnqt/members,A048-front_w1024.webp,.webp,61.97,Transformed
D:/DNQT/web-dnqt/members,A049-back.png,.png,980.28,Original
D:/DNQT/web-dnqt/members,A049-back_w1024.webp,.webp,65.5,Transformed
D:/DNQT/web-dnqt/members,A049-front.png,.png,1167.8,Original
D:/DNQT/web-dnqt/members,A049-front_w1024.webp,.webp,58.44,Transformed
D:/DNQT/web-dnqt/members,A050-back.png,.png,865.71,Original
D:/DNQT/web-dnqt/members,A050-back_w1024.webp,.webp,52.09,Transformed
D:/DNQT/web-dnqt/members,A050-front.png,.png,1168.05,Original
D:/DNQT/web-dnqt/members,A050-front_w1024.webp,.webp,64.86,Transformed
D:/DNQT/web-dnqt/members,A051-back.png,.png,957.35,Original
D:/DNQT/web-dnqt/members,A051-back_w1024.webp,.webp,72.66,Transformed
D:/DNQT/web-dnqt/members,A051-front.png,.png,1138.86,Original
D:/DNQT/web-dnqt/members,A051-front_w1024.webp,.webp,70.84,Transformed
D:/DNQT/web-dnqt/members,A053-back.png,.png,893.72,Original
D:/DNQT/web-dnqt/members,A053-back_w1024.webp,.webp,63.54,Transformed
D:/DNQT/web-dnqt/members,A053-front.png,.png,1142.62,Original
D:/DNQT/web-dnqt/members,A053-front_w1024.webp,.webp,67.86,Transformed
D:/DNQT/web-dnqt/members,A054-back.png,.png,857.99,Original
D:/DNQT/web-dnqt/members,A054-back_w1024.webp,.webp,60.2,Transformed
D:/DNQT/web-dnqt/members,A054-front.png,.png,1073.45,Original
D:/DNQT/web-dnqt/members,A054-front_w1024.webp,.webp,61.52,Transformed
D:/DNQT/web-dnqt/members,A055-back.png,.png,901.51,Original
D:/DNQT/web-dnqt/members,A055-back_w1024.webp,.webp,61.77,Transformed
D:/DNQT/web-dnqt/members,A055-front.png,.png,1043.87,Original
D:/DNQT/web-dnqt/members,A055-front_w1024.webp,.webp,58.83,Transformed
D:/DNQT/web-dnqt/members,A056-back.png,.png,934.95,Original
D:/DNQT/web-dnqt/members,A056-back_w1024.webp,.webp,64.48,Transformed
D:/DNQT/web-dnqt/members,A056-front.png,.png,1021.08,Original
D:/DNQT/web-dnqt/members,A056-front_w1024.webp,.webp,55.79,Transformed
D:/DNQT/web-dnqt/members,A057-back.png,.png,910.58,Original
D:/DNQT/web-dnqt/members,A057-back_w1024.webp,.webp,66.17,Transformed
D:/DNQT/web-dnqt/members,A057-front.png,.png,1120.34,Original
D:/DNQT/web-dnqt/members,A057-front_w1024.webp,.webp,65.76,Transformed
D:/DNQT/web-dnqt/members,A058-back.png,.png,1024.52,Original
D:/DNQT/web-dnqt/members,A058-back_w1024.webp,.webp,74.7,Transformed
D:/DNQT/web-dnqt/members,A058-front.png,.png,1181.49,Original
D:/DNQT/web-dnqt/members,A058-front_w1024.webp,.webp,72.04,Transformed
D:/DNQT/web-dnqt/members,A059-back.png,.png,909.05,Original
D:/DNQT/web-dnqt/members,A059-back_w1024.webp,.webp,66.16,Transformed
D:/DNQT/web-dnqt/members,A059-front.png,.png,1182.52,Original
D:/DNQT/web-dnqt/members,A059-front_w1024.webp,.webp,68.62,Transformed
D:/DNQT/web-dnqt/members,A060-back.png,.png,924.36,Original
D:/DNQT/web-dnqt/members,A060-back_w1024.webp,.webp,62.33,Transformed
D:/DNQT/web-dnqt/members,A060-front.png,.png,1087.02,Original
D:/DNQT/web-dnqt/members,A060-front_w1024.webp,.webp,56.9,Transformed
D:/DNQT/web-dnqt/members,A061-back.png,.png,884.54,Original
D:/DNQT/web-dnqt/members,A061-back_w1024.webp,.webp,61.72,Transformed
D:/DNQT/web-dnqt/members,A061-front.png,.png,1147.24,Original
D:/DNQT/web-dnqt/members,A061-front_w1024.webp,.webp,65.16,Transformed
D:/DNQT/web-dnqt/members,A062-back.png,.png,943.36,Original
D:/DNQT/web-dnqt/members,A062-back_w1024.webp,.webp,69.14,Transformed
D:/DNQT/web-dnqt/members,A062-front.png,.png,1055.99,Original
D:/DNQT/web-dnqt/members,A062-front_w1024.webp,.webp,62.21,Transformed
D:/DNQT/web-dnqt/members,A063-back.png,.png,925.63,Original
D:/DNQT/web-dnqt/members,A063-back_w1024.webp,.webp,64.48,Transformed
D:/DNQT/web-dnqt/members,A063-front.png,.png,1062.03,Original
D:/DNQT/web-dnqt/members,A063-front_w1024.webp,.webp,57.54,Transformed
D:/DNQT/web-dnqt/members,A064-back.png,.png,999.79,Original
D:/DNQT/web-dnqt/members,A064-back_w1024.webp,.webp,72.79,Transformed
D:/DNQT/web-dnqt/members,A064-front.png,.png,1139.18,Original
D:/DNQT/web-dnqt/members,A064-front_w1024.webp,.webp,67.33,Transformed
D:/DNQT/web-dnqt/members,A066-back.png,.png,962.25,Original
D:/DNQT/web-dnqt/members,A066-back_w1024.webp,.webp,64.82,Transformed
D:/DNQT/web-dnqt/members,A066-front.png,.png,1081.76,Original
D:/DNQT/web-dnqt/members,A066-front_w1024.webp,.webp,58.68,Transformed
D:/DNQT/web-dnqt/members,A067-back.png,.png,986.26,Original
D:/DNQT/web-dnqt/members,A067-back_w1024.webp,.webp,70.93,Transformed
D:/DNQT/web-dnqt/members,A067-front.png,.png,1174.2,Original
D:/DNQT/web-dnqt/members,A067-front_w1024.webp,.webp,64.63,Transformed
D:/DNQT/web-dnqt/members,A069-back.png,.png,810.43,Original
D:/DNQT/web-dnqt/members,A069-back_w1024.webp,.webp,55.3,Transformed
D:/DNQT/web-dnqt/members,A069-front.png,.png,1163.45,Original
D:/DNQT/web-dnqt/members,A069-front_w1024.webp,.webp,66.2,Transformed
D:/DNQT/web-dnqt/members,A070-back.png,.png,702.46,Original
D:/DNQT/web-dnqt/members,A070-back_w1024.webp,.webp,39.83,Transformed
D:/DNQT/web-dnqt/members,A070-front.png,.png,1057.92,Original
D:/DNQT/web-dnqt/members,A070-front_w1024.webp,.webp,55.26,Transformed
D:/DNQT/web-dnqt/members,A071-back.png,.png,1020.32,Original
D:/DNQT/web-dnqt/members,A071-back_w1024.webp,.webp,75.36,Transformed
D:/DNQT/web-dnqt/members,A071-front.png,.png,1087.99,Original
D:/DNQT/web-dnqt/members,A071-front_w1024.webp,.webp,60.6,Transformed
D:/DNQT/web-dnqt/members,A072-back.png,.png,855.77,Original
D:/DNQT/web-dnqt/members,A072-back_w1024.webp,.webp,56.95,Transformed
D:/DNQT/web-dnqt/members,A072-front.png,.png,1098.4,Original
D:/DNQT/web-dnqt/members,A072-front_w1024.webp,.webp,62.61,Transformed
D:/DNQT/web-dnqt/members,A073-back.png,.png,1029.23,Original
D:/DNQT/web-dnqt/members,A073-back_w1024.webp,.webp,70.53,Transformed
D:/DNQT/web-dnqt/members,A073-front.png,.png,1169.96,Original
D:/DNQT/web-dnqt/members,A073-front_w1024.webp,.webp,62.61,Transformed
D:/DNQT/web-dnqt/members,A074-back.png,.png,984.2,Original
D:/DNQT/web-dnqt/members,A074-back_w1024.webp,.webp,72.74,Transformed
D:/DNQT/web-dnqt/members,A074-front.png,.png,1084.58,Original
D:/DNQT/web-dnqt/members,A074-front_w1024.webp,.webp,60.96,Transformed
D:/DNQT/web-dnqt/members,A075-back.png,.png,958.73,Original
D:/DNQT/web-dnqt/members,A075-back_w1024.webp,.webp,70.39,Transformed
D:/DNQT/web-dnqt/members,A075-front.png,.png,1138.36,Original
D:/DNQT/web-dnqt/members,A075-front_w1024.webp,.webp,65.92,Transformed
D:/DNQT/web-dnqt/members,A076-back.png,.png,1058.97,Original
D:/DNQT/web-dnqt/members,A076-back_w1024.webp,.webp,78.82,Transformed
D:/DNQT/web-dnqt/members,A076-front.png,.png,1205.99,Original
D:/DNQT/web-dnqt/members,A076-front_w1024.webp,.webp,69.66,Transformed
D:/DNQT/web-dnqt/members,A077-back.png,.png,1020.76,Original
D:/DNQT/web-dnqt/members,A077-back_w1024.webp,.webp,75.66,Transformed
D:/DNQT/web-dnqt/members,A077-front.png,.png,1195.75,Original
D:/DNQT/web-dnqt/members,A077-front_w1024.webp,.webp,68.54,Transformed
D:/DNQT/web-dnqt/members,A078-back.png,.png,837.75,Original
D:/DNQT/web-dnqt/members,A078-back_w1024.webp,.webp,54.23,Transformed
D:/DNQT/web-dnqt/members,A078-front.png,.png,1190.22,Original
D:/DNQT/web-dnqt/members,A078-front_w1024.webp,.webp,67.04,Transformed
D:/DNQT/web-dnqt/members,A079-back.png,.png,979.43,Original
D:/DNQT/web-dnqt/members,A079-back_w1024.webp,.webp,70.77,Transformed
D:/DNQT/web-dnqt/members,A079-front.png,.png,1201.53,Original
D:/DNQT/web-dnqt/members,A079-front_w1024.webp,.webp,66.49,Transformed
D:/DNQT/web-dnqt/members,A080-back.png,.png,819.85,Original
D:/DNQT/web-dnqt/members,A080-back_w1024.webp,.webp,54.08,Transformed
D:/DNQT/web-dnqt/members,A080-front.png,.png,1149.98,Original
D:/DNQT/web-dnqt/members,A080-front_w1024.webp,.webp,63.0,Transformed
D:/DNQT/web-dnqt/members,A081-back.png,.png,896.29,Original
D:/DNQT/web-dnqt/members,A081-back_w1024.webp,.webp,61.85,Transformed
D:/DNQT/web-dnqt/members,A081-front.png,.png,1053.17,Original
D:/DNQT/web-dnqt/members,A081-front_w1024.webp,.webp,58.43,Transformed
D:/DNQT/web-dnqt/members,A082-back.png,.png,869.6,Original
D:/DNQT/web-dnqt/members,A082-back_w1024.webp,.webp,62.69,Transformed
D:/DNQT/web-dnqt/members,A082-front.png,.png,1088.13,Original
D:/DNQT/web-dnqt/members,A082-front_w1024.webp,.webp,61.63,Transformed
D:/DNQT/web-dnqt/members,A083-back.png,.png,850.58,Original
D:/DNQT/web-dnqt/members,A083-back_w1024.webp,.webp,58.01,Transformed
D:/DNQT/web-dnqt/members,A083-front.png,.png,1051.86,Original
D:/DNQT/web-dnqt/members,A083-front_w1024.webp,.webp,57.85,Transformed
D:/DNQT/web-dnqt/members,A084-back.png,.png,928.38,Original
D:/DNQT/web-dnqt/members,A084-back_w1024.webp,.webp,64.4,Transformed
D:/DNQT/web-dnqt/members,A084-front.png,.png,1142.16,Original
D:/DNQT/web-dnqt/members,A084-front_w1024.webp,.webp,64.66,Transformed
D:/DNQT/web-dnqt/members,A085-back.png,.png,951.37,Original
D:/DNQT/web-dnqt/members,A085-back_w1024.webp,.webp,71.15,Transformed
D:/DNQT/web-dnqt/members,A085-front.png,.png,1171.42,Original
D:/DNQT/web-dnqt/members,A085-front_w1024.webp,.webp,67.15,Transformed
D:/DNQT/web-dnqt/members,A086-back.png,.png,1010.32,Original
D:/DNQT/web-dnqt/members,A086-back_w1024.webp,.webp,74.4,Transformed
D:/DNQT/web-dnqt/members,A086-front.png,.png,1208.23,Original
D:/DNQT/web-dnqt/members,A086-front_w1024.webp,.webp,73.24,Transformed
D:/DNQT/web-dnqt/members,A087-back.png,.png,855.87,Original
D:/DNQT/web-dnqt/members,A087-back_w1024.webp,.webp,58.45,Transformed
D:/DNQT/web-dnqt/members,A087-front.png,.png,1043.98,Original
D:/DNQT/web-dnqt/members,A087-front_w1024.webp,.webp,55.54,Transformed
D:/DNQT/web-dnqt/members,A088-back.png,.png,951.84,Original
D:/DNQT/web-dnqt/members,A088-back_w1024.webp,.webp,63.74,Transformed
D:/DNQT/web-dnqt/members,A088-front.png,.png,1201.13,Original
D:/DNQT/web-dnqt/members,A088-front_w1024.webp,.webp,66.11,Transformed
D:/DNQT/web-dnqt/members,A089-back.png,.png,699.35,Original
D:/DNQT/web-dnqt/members,A089-back_w1024.webp,.webp,38.08,Transformed
D:/DNQT/web-dnqt/members,A089-front.png,.png,1074.23,Original
D:/DNQT/web-dnqt/members,A089-front_w1024.webp,.webp,52.56,Transformed
D:/DNQT/web-dnqt/members,A091-back.png,.png,815.76,Original
D:/DNQT/web-dnqt/members,A091-back_w1024.webp,.webp,53.7,Transformed
D:/DNQT/web-dnqt/members,A091-front.png,.png,1045.05,Original
D:/DNQT/web-dnqt/members,A091-front_w1024.webp,.webp,59.02,Transformed
D:/DNQT/web-dnqt/members,A093-back.png,.png,796.08,Original
D:/DNQT/web-dnqt/members,A093-back_w1024.webp,.webp,51.58,Transformed
D:/DNQT/web-dnqt/members,A093-front.png,.png,1133.52,Original
D:/DNQT/web-dnqt/members,A093-front_w1024.webp,.webp,63.28,Transformed
D:/DNQT/web-dnqt/members,A094-back.png,.png,834.84,Original
D:/DNQT/web-dnqt/members,A094-back_w1024.webp,.webp,57.66,Transformed
D:/DNQT/web-dnqt/members,A094-front.png,.png,1190.89,Original
D:/DNQT/web-dnqt/members,A094-front_w1024.webp,.webp,66.67,Transformed
D:/DNQT/web-dnqt/members,A095-back.png,.png,873.15,Original
D:/DNQT/web-dnqt/members,A095-back_w1024.webp,.webp,61.1,Transformed
D:/DNQT/web-dnqt/members,A095-front.png,.png,1163.15,Original
D:/DNQT/web-dnqt/members,A095-front_w1024.webp,.webp,70.06,Transformed
D:/DNQT/web-dnqt/members,A096-back.png,.png,838.59,Original
D:/DNQT/web-dnqt/members,A096-back_w1024.webp,.webp,58.59,Transformed
D:/DNQT/web-dnqt/members,A096-front.png,.png,1116.36,Original
D:/DNQT/web-dnqt/members,A096-front_w1024.webp,.webp,64.22,Transformed
D:/DNQT/web-dnqt/members,A100-back.png,.png,736.55,Original
D:/DNQT/web-dnqt/members,A100-back_w1024.webp,.webp,43.34,Transformed
D:/DNQT/web-dnqt/members,A100-front.png,.png,1184.77,Original
D:/DNQT/web-dnqt/members,A100-front_w1024.webp,.webp,62.42,Transformed
D:/DNQT/web-dnqt/members,A101-back.png,.png,786.03,Original
D:/DNQT/web-dnqt/members,A101-back_w1024.webp,.webp,51.44,Transformed
D:/DNQT/web-dnqt/members,A101-front.png,.png,1068.94,Original
D:/DNQT/web-dnqt/members,A101-front_w1024.webp,.webp,59.91,Transformed
D:/DNQT/web-dnqt/members,A102-back.png,.png,934.0,Original
D:/DNQT/web-dnqt/members,A102-back_w1024.webp,.webp,67.29,Transformed
D:/DNQT/web-dnqt/members,A102-front.png,.png,1187.61,Original
D:/DNQT/web-dnqt/members,A102-front_w1024.webp,.webp,67.06,Transformed
D:/DNQT/web-dnqt/members,A107-back.png,.png,904.41,Original
D:/DNQT/web-dnqt/members,A107-back_w1024.webp,.webp,66.33,Transformed
D:/DNQT/web-dnqt/members,A107-front.png,.png,1160.33,Original
D:/DNQT/web-dnqt/members,A107-front_w1024.webp,.webp,72.39,Transformed
D:/DNQT/web-dnqt/members,A108-back.png,.png,957.58,Original
D:/DNQT/web-dnqt/members,A108-back_w1024.webp,.webp,64.25,Transformed
D:/DNQT/web-dnqt/members,A108-front.png,.png,1146.0,Original
D:/DNQT/web-dnqt/members,A108-front_w1024.webp,.webp,65.52,Transformed
D:/DNQT/web-dnqt/members,A109-back.png,.png,773.08,Original
D:/DNQT/web-dnqt/members,A109-back_w1024.webp,.webp,50.13,Transformed
D:/DNQT/web-dnqt/members,A109-front.png,.png,1130.65,Original
D:/DNQT/web-dnqt/members,A109-front_w1024.webp,.webp,61.56,Transformed
D:/DNQT/web-dnqt/members,A110-back.png,.png,933.58,Original
D:/DNQT/web-dnqt/members,A110-back_w1024.webp,.webp,69.8,Transformed
D:/DNQT/web-dnqt/members,A110-front.png,.png,1071.92,Original
D:/DNQT/web-dnqt/members,A110-front_w1024.webp,.webp,64.5,Transformed
D:/DNQT/web-dnqt/members,A111-back.png,.png,910.59,Original
D:/DNQT/web-dnqt/members,A111-back_w1024.webp,.webp,58.98,Transformed
D:/DNQT/web-dnqt/members,A111-front.png,.png,1132.79,Original
D:/DNQT/web-dnqt/members,A111-front_w1024.webp,.webp,59.78,Transformed
D:/DNQT/web-dnqt/members,A916-back.png,.png,860.54,Original
D:/DNQT/web-dnqt/members,A916-back_w1024.webp,.webp,57.54,Transformed
D:/DNQT/web-dnqt/members,A916-front.png,.png,1074.48,Original
D:/DNQT/web-dnqt/members,A916-front_w1024.webp,.webp,60.61,Transformed
D:/DNQT/web-dnqt/members,A995-back.png,.png,869.18,Original
D:/DNQT/web-dnqt/members,A995-back_w1024.webp,.webp,61.38,Transformed
D:/DNQT/web-dnqt/members,A995-front.png,.png,1159.15,Original
D:/DNQT/web-dnqt/members,A995-front_w1024.webp,.webp,69.78,Transformed
D:/DNQT/web-dnqt/members,blank.png,.png,3642.31,Original
D:/DNQT/web-dnqt/members,blank_w1024.webp,.webp,83.77,Transformed
D:/DNQT/web-dnqt/members,hoangminhphung-lazinet-back.png,.png,310.06,Original
D:/DNQT/web-dnqt/members,hoangminhphung-lazinet-back_w1024.webp,.webp,59.96,Transformed
D:/DNQT/web-dnqt/members,hoangminhphung-lazinet-front.png,.png,437.91,Original
D:/DNQT/web-dnqt/members,hoangminhphung-lazinet-front_w1024.webp,.webp,65.14,Transformed
D:/DNQT/web-dnqt/members\A001,bidrico_H128.webp,.webp,7.56,Original
D:/DNQT/web-dnqt/members\A001,bidrico_H128_w1024.webp,.webp,29.69,Transformed
D:/DNQT/web-dnqt/members\A001,channels4_profile.jpg,.jpg,46.14,Original
D:/DNQT/web-dnqt/members\A001,channels4_profile_w1024.webp,.webp,28.31,Transformed
D:/DNQT/web-dnqt/members\A001,hinh-dai-dien-nuoc-uong-ion-kiem-cao-cap-ion-green-lon-330ml-600x600.png,.png,249.91,Original
D:/DNQT/web-dnqt/members\A001,hinh-dai-dien-nuoc-uong-ion-kiem-cao-cap-ion-green-lon-330ml-600x600_w1024.webp,.webp,90.16,Transformed
D:/DNQT/web-dnqt/members\A001,hinh-dai-dien-rau-cau-huong-vi-trai-cay-bidrico-tui-960g.png,.png,39.7,Original
D:/DNQT/web-dnqt/members\A001,hinh-dai-dien-rau-cau-huong-vi-trai-cay-bidrico-tui-960g_w1024.webp,.webp,110.74,Transformed
D:/DNQT/web-dnqt/members\A001,NDH_W128.webp,.webp,2.56,Original
D:/DNQT/web-dnqt/members\A001,NDH_W128_w1024.webp,.webp,20.17,Transformed
D:/DNQT/web-dnqt/members\A001,NGUYỄN ĐẶNG HIẾN.jpg,.jpg,187.89,Original
D:/DNQT/web-dnqt/members\A001,NGUYỄN ĐẶNG HIẾN_w1024.webp,.webp,58.14,Transformed
D:/DNQT/web-dnqt/members\A002,DungHX2006-removebg-preview.png,.png,204.38,Original
D:/DNQT/web-dnqt/members\A002,DungHX2006-removebg-preview_w1024.webp,.webp,27.7,Transformed
D:/DNQT/web-dnqt/members\A002,DungHX2006.jpg,.jpg,199.67,Original
D:/DNQT/web-dnqt/members\A002,DungHX2006_w1024.webp,.webp,48.37,Transformed
D:/DNQT/web-dnqt/members\A002,Dung_W128-removebg-preview.png,.png,18.02,Original
D:/DNQT/web-dnqt/members\A002,Dung_W128-removebg-preview_w1024.webp,.webp,17.99,Transformed
D:/DNQT/web-dnqt/members\A002,Dung_W128.webp,.webp,5.07,Original
D:/DNQT/web-dnqt/members\A002,Dung_W128_w1024.webp,.webp,44.62,Transformed
D:/DNQT/web-dnqt/members\A002,Final-logo-outline-SV.jpg,.jpg,56.91,Original
D:/DNQT/web-dnqt/members\A002,Final-logo-outline-SV_w1024.webp,.webp,12.79,Transformed
D:/DNQT/web-dnqt/members\A002,Final-logo-outline-SVs.png,.png,160.52,Original
D:/DNQT/web-dnqt/members\A002,Final-logo-outline-SVs_w1024.webp,.webp,17.86,Transformed
D:/DNQT/web-dnqt/members\A003,khangvietbook.png,.png,3.27,Original
D:/DNQT/web-dnqt/members\A003,khangvietbook_w1024.webp,.webp,41.81,Transformed
D:/DNQT/web-dnqt/members\A003,Toan_W128 (1).webp,.webp,2.46,Original
D:/DNQT/web-dnqt/members\A003,Toan_W128 (1)_w1024.webp,.webp,19.39,Transformed
D:/DNQT/web-dnqt/members\A004,543516267_1323794995768365_8835052298991106305_n.jpg,.jpg,18.1,Original
D:/DNQT/web-dnqt/members\A004,543516267_1323794995768365_8835052298991106305_n_w1024.webp,.webp,27.61,Transformed
D:/DNQT/web-dnqt/members\A004,9e0641cd-1b04-4301-a2e8-0720484a70c0.jpg,.jpg,358.29,Original
D:/DNQT/web-dnqt/members\A004,9e0641cd-1b04-4301-a2e8-0720484a70c0_w1024.webp,.webp,49.18,Transformed
D:/DNQT/web-dnqt/members\A004,A004_LÊ VIẾT KỲ.jpg,.jpg,178.6,Original
D:/DNQT/web-dnqt/members\A004,A004_LÊ VIẾT KỲ_w1024.webp,.webp,71.14,Transformed
D:/DNQT/web-dnqt/members\A004,Ky2.png,.png,100.31,Original
D:/DNQT/web-dnqt/members\A004,Ky2_w1024.webp,.webp,21.37,Transformed
D:/DNQT/web-dnqt/members\A004,Ky_W128.webp,.webp,3.19,Original
D:/DNQT/web-dnqt/members\A004,Ky_W128_w1024.webp,.webp,27.79,Transformed
D:/DNQT/web-dnqt/members\A004,valentine-cover.png,.png,426.5,Original
D:/DNQT/web-dnqt/members\A004,valentine-cover_w1024.webp,.webp,49.57,Transformed
D:/DNQT/web-dnqt/members\A005,LeMinhPhung.jpg,.jpg,39.91,Original
D:/DNQT/web-dnqt/members\A005,LeMinhPhung_w1024.webp,.webp,35.47,Transformed
D:/DNQT/web-dnqt/members\A005,Screenshot 2026-03-15 231255.png,.png,38.2,Original
D:/DNQT/web-dnqt/members\A005,Screenshot 2026-03-15 231255_w1024.webp,.webp,14.58,Transformed
D:/DNQT/web-dnqt/members\A006,1.png,.png,977.88,Original
D:/DNQT/web-dnqt/members\A006,1_w1024.webp,.webp,112.82,Transformed
D:/DNQT/web-dnqt/members\A006,2.png,.png,72.9,Original
D:/DNQT/web-dnqt/members\A006,2_w1024.webp,.webp,25.73,Transformed
D:/DNQT/web-dnqt/members\A006,3.png,.png,193.6,Original
D:/DNQT/web-dnqt/members\A006,3_w1024.webp,.webp,40.42,Transformed
D:/DNQT/web-dnqt/members\A006,A006_LÊ PHƯỚC TRUNG.jpg,.jpg,208.26,Original
D:/DNQT/web-dnqt/members\A006,A006_LÊ PHƯỚC TRUNG_w1024.webp,.webp,134.28,Transformed
D:/DNQT/web-dnqt/members\A006,datvetpharma_H128.webp,.webp,3.05,Original
D:/DNQT/web-dnqt/members\A006,datvetpharma_H128_w1024.webp,.webp,20.71,Transformed
D:/DNQT/web-dnqt/members\A006,LÊ PHƯỚC TRUNG.jpg,.jpg,208.26,Original
D:/DNQT/web-dnqt/members\A006,LÊ PHƯỚC TRUNG_w1024.webp,.webp,134.28,Transformed
D:/DNQT/web-dnqt/members\A006,Trung_W128.webp,.webp,3.56,Original
D:/DNQT/web-dnqt/members\A006,Trung_W128_w1024.webp,.webp,29.99,Transformed
D:/DNQT/web-dnqt/members\A007,aaa_H128.webp,.webp,11.08,Original
D:/DNQT/web-dnqt/members\A007,aaa_H128_w1024.webp,.webp,34.94,Transformed
D:/DNQT/web-dnqt/members\A007,Cau2.jpg,.jpg,65.1,Original
D:/DNQT/web-dnqt/members\A007,Cau2_w1024.webp,.webp,49.06,Transformed
D:/DNQT/web-dnqt/members\A007,cropped-logo-web.jpeg,.jpeg,24.3,Original
D:/DNQT/web-dnqt/members\A007,cropped-logo-web_w1024.webp,.webp,29.13,Transformed
D:/DNQT/web-dnqt/members\A007,Insurance-1.jpg,.jpg,182.41,Original
D:/DNQT/web-dnqt/members\A007,Insurance-1_w1024.webp,.webp,59.96,Transformed
D:/DNQT/web-dnqt/members\A008,A045_LÊ PHƯỚC BÌNH.png,.png,517.03,Original
D:/DNQT/web-dnqt/members\A008,A045_LÊ PHƯỚC BÌNH_w1024.webp,.webp,108.63,Transformed
D:/DNQT/web-dnqt/members\A008,Binh_W128.webp,.webp,2.67,Original
D:/DNQT/web-dnqt/members\A008,Binh_W128_w1024.webp,.webp,21.71,Transformed
D:/DNQT/web-dnqt/members\A008,minhglobal.png,.png,7.5,Original
D:/DNQT/web-dnqt/members\A008,minhglobal_w1024.webp,.webp,62.8,Transformed
D:/DNQT/web-dnqt/members\A009,A001-logo.png,.png,107.38,Original
D:/DNQT/web-dnqt/members\A009,A001-logo_w1024.webp,.webp,20.46,Transformed
D:/DNQT/web-dnqt/members\A009,avatar-small.webp,.webp,3.79,Original
D:/DNQT/web-dnqt/members\A009,avatar-small_w1024.webp,.webp,34.81,Transformed
D:/DNQT/web-dnqt/members\A009,avatar.webp,.webp,3.79,Original
D:/DNQT/web-dnqt/members\A009,avatar_w1024.webp,.webp,34.81,Transformed
D:/DNQT/web-dnqt/members\A009,HathyoV1_Square_Full.png,.png,44.18,Original
D:/DNQT/web-dnqt/members\A009,HathyoV1_Square_Full_w1024.webp,.webp,28.13,Transformed
D:/DNQT/web-dnqt/members\A009,HathyoV1_Square_Logo_Name.png,.png,25.44,Original
D:/DNQT/web-dnqt/members\A009,HathyoV1_Square_Logo_Name_w1024.webp,.webp,22.19,Transformed
D:/DNQT/web-dnqt/members\A009,lazinet_LogoTextSquare.png,.png,62.33,Original
D:/DNQT/web-dnqt/members\A009,lazinet_LogoTextSquare_w1024.webp,.webp,30.75,Transformed
D:/DNQT/web-dnqt/members\A009,Product_01_Image.webp,.webp,48.68,Original
D:/DNQT/web-dnqt/members\A009,Product_01_Image_w1024.webp,.webp,51.46,Transformed
D:/DNQT/web-dnqt/members\A009,Product_02_Image.webp,.webp,76.62,Original
D:/DNQT/web-dnqt/members\A009,Product_02_Image_w1024.webp,.webp,80.93,Transformed
D:/DNQT/web-dnqt/members\A009,Product_03_Image.webp,.webp,59.96,Original
D:/DNQT/web-dnqt/members\A009,Product_03_Image_w1024.webp,.webp,63.14,Transformed
D:/DNQT/web-dnqt/members\A010,A012_NGUYỄN QUANG THẮNG.png,.png,329.6,Original
D:/DNQT/web-dnqt/members\A010,A012_NGUYỄN QUANG THẮNG_w1024.webp,.webp,70.37,Transformed
D:/DNQT/web-dnqt/members\A010,MNhg2.jpg,.jpg,65.24,Original
D:/DNQT/web-dnqt/members\A010,MNhg2_w1024.webp,.webp,29.32,Transformed
D:/DNQT/web-dnqt/members\A010,NGUYỄN QUANG THẮNG.png,.png,329.6,Original
D:/DNQT/web-dnqt/members\A010,NGUYỄN QUANG THẮNG_w1024.webp,.webp,70.37,Transformed
D:/DNQT/web-dnqt/members\A010,Thang_W128.webp,.webp,1.86,Original
D:/DNQT/web-dnqt/members\A010,Thang_W128_w1024.webp,.webp,14.91,Transformed
D:/DNQT/web-dnqt/members\A010,vietquang_H128.png,.png,20.83,Original
D:/DNQT/web-dnqt/members\A010,vietquang_H128_w1024.webp,.webp,26.4,Transformed
D:/DNQT/web-dnqt/members\A010,vietquang_H128.webp,.webp,4.12,Original
D:/DNQT/web-dnqt/members\A010,vietquang_H128_w1024.webp,.webp,29.71,Transformed
D:/DNQT/web-dnqt/members\A011,20240403_TAM NGUYEN LOGO-01.jpg,.jpg,99.23,Original
D:/DNQT/web-dnqt/members\A011,20240403_TAM NGUYEN LOGO-01_w1024.webp,.webp,24.38,Transformed
D:/DNQT/web-dnqt/members\A011,Thao_W128.webp,.webp,4.58,Original
D:/DNQT/web-dnqt/members\A011,Thao_W128_w1024.webp,.webp,42.25,Transformed
D:/DNQT/web-dnqt/members\A012,A036_TRẦN BÁ ĐIỀN.png,.png,238.66,Original
D:/DNQT/web-dnqt/members\A012,A036_TRẦN BÁ ĐIỀN_w1024.webp,.webp,51.05,Transformed
D:/DNQT/web-dnqt/members\A012,Dien_W128.webp,.webp,2.11,Original
D:/DNQT/web-dnqt/members\A012,Dien_W128_w1024.webp,.webp,17.14,Transformed
D:/DNQT/web-dnqt/members\A012,Nền trắng - Vuông trọn vẹn trong vòng tròn.png,.png,88.05,Original
D:/DNQT/web-dnqt/members\A012,Nền trắng - Vuông trọn vẹn trong vòng tròn_w1024.webp,.webp,24.92,Transformed
D:/DNQT/web-dnqt/members\A013,A065_TRƯƠNG QUANG HƯƠNG.png,.png,110.22,Original
D:/DNQT/web-dnqt/members\A013,A065_TRƯƠNG QUANG HƯƠNG_w1024.webp,.webp,27.76,Transformed
D:/DNQT/web-dnqt/members\A013,quangnong.jpeg,.jpeg,3.86,Original
D:/DNQT/web-dnqt/members\A013,quangnong_w1024.webp,.webp,36.41,Transformed
D:/DNQT/web-dnqt/members\A013,TruongQuangHuong.jpg,.jpg,14.01,Original
D:/DNQT/web-dnqt/members\A013,TruongQuangHuong_w1024.webp,.webp,33.17,Transformed
D:/DNQT/web-dnqt/members\A014,3NzKn.jpg,.jpg,153.58,Original
D:/DNQT/web-dnqt/members\A014,3NzKn_w1024.webp,.webp,34.91,Transformed
D:/DNQT/web-dnqt/members\A014,A039_LÊ MINH SANG.png,.png,151.03,Original
D:/DNQT/web-dnqt/members\A014,A039_LÊ MINH SANG_w1024.webp,.webp,53.88,Transformed
D:/DNQT/web-dnqt/members\A014,A039_LÊ MINH SANH.jpg,.jpg,65.62,Original
D:/DNQT/web-dnqt/members\A014,A039_LÊ MINH SANH_w1024.webp,.webp,94.78,Transformed
D:/DNQT/web-dnqt/members\A014,A039_LÊ_MINH_SANH-removebg-preview.png,.png,158.31,Original
D:/DNQT/web-dnqt/members\A014,A039_LÊ_MINH_SANH-removebg-preview_w1024.webp,.webp,19.71,Transformed
D:/DNQT/web-dnqt/members\A014,fbd6b8770ab155110e2ddf598c45bef5.jpg,.jpg,26.03,Original
D:/DNQT/web-dnqt/members\A014,fbd6b8770ab155110e2ddf598c45bef5_w1024.webp,.webp,74.3,Transformed
D:/DNQT/web-dnqt/members\A014,Gemini_Generated_Image_40k51t40k51t40k5.png,.png,4442.51,Original
D:/DNQT/web-dnqt/members\A014,Gemini_Generated_Image_40k51t40k51t40k5_w1024.webp,.webp,65.51,Transformed
D:/DNQT/web-dnqt/members\A014,Gemini_Generated_Image_40k51t40k51t40k5_W512.webp,.webp,19.47,Original
D:/DNQT/web-dnqt/members\A014,Gemini_Generated_Image_40k51t40k51t40k5_W512_w1024.webp,.webp,45.24,Transformed
D:/DNQT/web-dnqt/members\A014,kimhue.jpg,.jpg,70.04,Original
D:/DNQT/web-dnqt/members\A014,kimhue_w1024.webp,.webp,17.69,Transformed
D:/DNQT/web-dnqt/members\A014,kimhue_H128.webp,.webp,3.27,Original
D:/DNQT/web-dnqt/members\A014,kimhue_H128_w1024.webp,.webp,15.21,Transformed
D:/DNQT/web-dnqt/members\A014,Sang_W128 (2).webp,.webp,2.7,Original
D:/DNQT/web-dnqt/members\A014,Sang_W128 (2)_w1024.webp,.webp,22.25,Transformed
D:/DNQT/web-dnqt/members\A015,500253906_24390649710521574_8741689710491244106_n.jpg,.jpg,66.85,Original
D:/DNQT/web-dnqt/members\A015,500253906_24390649710521574_8741689710491244106_n_w1024.webp,.webp,45.89,Transformed
D:/DNQT/web-dnqt/members\A015,c620dacd-ed7b-43c7-ae36-745f273e4def.jpg,.jpg,156.03,Original
D:/DNQT/web-dnqt/members\A015,c620dacd-ed7b-43c7-ae36-745f273e4def_w1024.webp,.webp,25.2,Transformed
D:/DNQT/web-dnqt/members\A015,Phu_W128.webp,.webp,3.63,Original
D:/DNQT/web-dnqt/members\A015,Phu_W128_w1024.webp,.webp,33.07,Transformed
D:/DNQT/web-dnqt/members\A015,PT.png,.png,213.51,Original
D:/DNQT/web-dnqt/members\A015,PT_w1024.webp,.webp,27.29,Transformed
D:/DNQT/web-dnqt/members\A015,xesolutions_H128.webp,.webp,2.96,Original
D:/DNQT/web-dnqt/members\A015,xesolutions_H128_w1024.webp,.webp,22.63,Transformed
D:/DNQT/web-dnqt/members\A016,A079_NGUYỄN THANH BÌNH.png,.png,810.36,Original
D:/DNQT/web-dnqt/members\A016,A079_NGUYỄN THANH BÌNH_w1024.webp,.webp,125.93,Transformed
D:/DNQT/web-dnqt/members\A016,image (1).jpg,.jpg,87.75,Original
D:/DNQT/web-dnqt/members\A016,image (1)_w1024.webp,.webp,48.34,Transformed
D:/DNQT/web-dnqt/members\A016,logo (1).png,.png,107.84,Original
D:/DNQT/web-dnqt/members\A016,logo (1)_w1024.webp,.webp,50.37,Transformed
D:/DNQT/web-dnqt/members\A016,NguyenThanhBinh.jpg,.jpg,11.16,Original
D:/DNQT/web-dnqt/members\A016,NguyenThanhBinh_w1024.webp,.webp,41.32,Transformed
D:/DNQT/web-dnqt/members\A017,A058_NGUYỄN TUẤN ANH.jpg,.jpg,64.34,Original
D:/DNQT/web-dnqt/members\A017,A058_NGUYỄN TUẤN ANH_w1024.webp,.webp,45.45,Transformed
D:/DNQT/web-dnqt/members\A017,file.jpg,.jpg,15.38,Original
D:/DNQT/web-dnqt/members\A017,file_w1024.webp,.webp,20.46,Transformed
D:/DNQT/web-dnqt/members\A017,NguyenTuanAnh.jpg,.jpg,197.02,Original
D:/DNQT/web-dnqt/members\A017,NguyenTuanAnh_w1024.webp,.webp,42.38,Transformed
D:/DNQT/web-dnqt/members\A017,Social share _DFVN.png,.png,12.85,Original
D:/DNQT/web-dnqt/members\A017,Social share _DFVN_w1024.webp,.webp,19.55,Transformed
D:/DNQT/web-dnqt/members\A018,A074_NGUYỄN NGỌC HƯNG.png,.png,212.21,Original
D:/DNQT/web-dnqt/members\A018,A074_NGUYỄN NGỌC HƯNG_w1024.webp,.webp,27.07,Transformed
D:/DNQT/web-dnqt/members\A018,Screenshot 2025-01-16 124726 - Nguyen Hung.png,.png,174.06,Original
D:/DNQT/web-dnqt/members\A018,Screenshot 2025-01-16 124726 - Nguyen Hung_w1024.webp,.webp,32.04,Transformed
D:/DNQT/web-dnqt/members\A018,Screenshot_2025-01-16_124726_-_Nguyen_Hung-removebg-preview.png,.png,112.24,Original
D:/DNQT/web-dnqt/members\A018,Screenshot_2025-01-16_124726_-_Nguyen_Hung-removebg-preview_w1024.webp,.webp,18.94,Transformed
D:/DNQT/web-dnqt/members\A018,unnamed.png,.png,539.15,Original
D:/DNQT/web-dnqt/members\A018,unnamed_w1024.webp,.webp,23.13,Transformed
D:/DNQT/web-dnqt/members\A019,6e98b7cae65f6801314e-removebg-preview.png,.png,168.59,Original
D:/DNQT/web-dnqt/members\A019,6e98b7cae65f6801314e-removebg-preview_w1024.webp,.webp,26.31,Transformed
D:/DNQT/web-dnqt/members\A019,6e98b7cae65f6801314e-removebg-preview2.png,.png,167.07,Original
D:/DNQT/web-dnqt/members\A019,6e98b7cae65f6801314e-removebg-preview2_w1024.webp,.webp,20.46,Transformed
D:/DNQT/web-dnqt/members\A019,6e98b7cae65f6801314e.jpg,.jpg,44.85,Original
D:/DNQT/web-dnqt/members\A019,6e98b7cae65f6801314e_w1024.webp,.webp,37.0,Transformed
D:/DNQT/web-dnqt/members\A019,A019_NGUYỄN THỊ THANH THỦY.png,.png,147.87,Original
D:/DNQT/web-dnqt/members\A019,A019_NGUYỄN THỊ THANH THỦY_w1024.webp,.webp,62.34,Transformed
D:/DNQT/web-dnqt/members\A019,de5c886f-084d-40b4-af32-99bddccd482f-removebg-preview.png,.png,115.12,Original
D:/DNQT/web-dnqt/members\A019,de5c886f-084d-40b4-af32-99bddccd482f-removebg-preview_w1024.webp,.webp,23.2,Transformed
D:/DNQT/web-dnqt/members\A019,de5c886f-084d-40b4-af32-99bddccd482f-removebg-preview2.png,.png,187.32,Original
D:/DNQT/web-dnqt/members\A019,de5c886f-084d-40b4-af32-99bddccd482f-removebg-preview2_w1024.webp,.webp,33.75,Transformed
D:/DNQT/web-dnqt/members\A019,de5c886f-084d-40b4-af32-99bddccd482f.jpg,.jpg,66.87,Original
D:/DNQT/web-dnqt/members\A019,de5c886f-084d-40b4-af32-99bddccd482f_w1024.webp,.webp,95.02,Transformed
D:/DNQT/web-dnqt/members\A019,logo.png,.png,173.83,Original
D:/DNQT/web-dnqt/members\A019,logo_w1024.webp,.webp,48.12,Transformed
D:/DNQT/web-dnqt/members\A019,logo2.png,.png,163.04,Original
D:/DNQT/web-dnqt/members\A019,logo2_w1024.webp,.webp,57.07,Transformed
D:/DNQT/web-dnqt/members\A019,NGUYỄN THỊ THANH THỦY.png,.png,147.87,Original
D:/DNQT/web-dnqt/members\A019,NGUYỄN THỊ THANH THỦY_w1024.webp,.webp,62.34,Transformed
D:/DNQT/web-dnqt/members\A020,b9c9377e932a972ef1eb6dcebb36c796.jpg,.jpg,28.0,Original
D:/DNQT/web-dnqt/members\A020,b9c9377e932a972ef1eb6dcebb36c796_w1024.webp,.webp,21.37,Transformed
D:/DNQT/web-dnqt/members\A020,nonson_H128.webp,.webp,3.99,Original
D:/DNQT/web-dnqt/members\A020,nonson_H128_w1024.webp,.webp,88.2,Transformed
D:/DNQT/web-dnqt/members\A020,Ty_W128.webp,.webp,2.68,Original
D:/DNQT/web-dnqt/members\A020,Ty_W128_w1024.webp,.webp,23.07,Transformed
D:/DNQT/web-dnqt/members\A021,914a1ef98f02495c10131111-6003.png,.png,60.76,Original
D:/DNQT/web-dnqt/members\A021,914a1ef98f02495c10131111-6003_w1024.webp,.webp,83.2,Transformed
D:/DNQT/web-dnqt/members\A021,A013_NGUYỄN VĂN NAM.png,.png,203.5,Original
D:/DNQT/web-dnqt/members\A021,A013_NGUYỄN VĂN NAM_w1024.webp,.webp,52.61,Transformed
D:/DNQT/web-dnqt/members\A021,NguyenVanNam-removebg-preview.png,.png,63.74,Original
D:/DNQT/web-dnqt/members\A021,NguyenVanNam-removebg-preview_w1024.webp,.webp,19.49,Transformed
D:/DNQT/web-dnqt/members\A021,NguyenVanNam.jpg,.jpg,134.47,Original
D:/DNQT/web-dnqt/members\A021,NguyenVanNam_w1024.webp,.webp,77.07,Transformed
D:/DNQT/web-dnqt/members\A021,NGUYỄN VĂN NAM.png,.png,203.5,Original
D:/DNQT/web-dnqt/members\A021,NGUYỄN VĂN NAM_w1024.webp,.webp,52.61,Transformed
D:/DNQT/web-dnqt/members\A022,1dd5c60a-4dec-4594-afdf-f1a8526281a5.jpg,.jpg,404.22,Original
D:/DNQT/web-dnqt/members\A022,1dd5c60a-4dec-4594-afdf-f1a8526281a5_w1024.webp,.webp,308.8,Transformed
D:/DNQT/web-dnqt/members\A022,1dd5c60a-4dec-4594-afdf-f1a8526281a5s.jpg,.jpg,160.83,Original
D:/DNQT/web-dnqt/members\A022,1dd5c60a-4dec-4594-afdf-f1a8526281a5s_w1024.webp,.webp,98.51,Transformed
D:/DNQT/web-dnqt/members\A022,6ccf39aa-ef3a-4321-843d-3aaee1d8e224.jpg,.jpg,45.2,Original
D:/DNQT/web-dnqt/members\A022,6ccf39aa-ef3a-4321-843d-3aaee1d8e224_w1024.webp,.webp,11.27,Transformed
D:/DNQT/web-dnqt/members\A022,6ccf39aa-ef3a-4321-843d-3aaee1d8e224.png,.png,120.4,Original
D:/DNQT/web-dnqt/members\A022,6ccf39aa-ef3a-4321-843d-3aaee1d8e224_w1024.webp,.webp,18.88,Transformed
D:/DNQT/web-dnqt/members\A022,A089_DƯƠNG LÀI.png,.png,556.71,Original
D:/DNQT/web-dnqt/members\A022,A089_DƯƠNG LÀI_w1024.webp,.webp,126.4,Transformed
D:/DNQT/web-dnqt/members\A022,DuongLai.jpg,.jpg,55.92,Original
D:/DNQT/web-dnqt/members\A022,DuongLai_w1024.webp,.webp,50.9,Transformed
D:/DNQT/web-dnqt/members\A023,A073_CAO THÀNH CÔNG.png,.png,679.18,Original
D:/DNQT/web-dnqt/members\A023,A073_CAO THÀNH CÔNG_w1024.webp,.webp,53.0,Transformed
D:/DNQT/web-dnqt/members\A023,CaoThanhCong.jpg,.jpg,101.6,Original
D:/DNQT/web-dnqt/members\A023,CaoThanhCong_w1024.webp,.webp,64.61,Transformed
D:/DNQT/web-dnqt/members\A023,Screenshot 2026-03-18 124814.png,.png,6.98,Original
D:/DNQT/web-dnqt/members\A023,Screenshot 2026-03-18 124814_w1024.webp,.webp,15.58,Transformed
D:/DNQT/web-dnqt/members\A024,66ce2137-aa87-48ad-be3f-0c480771472a.jpg,.jpg,167.25,Original
D:/DNQT/web-dnqt/members\A024,66ce2137-aa87-48ad-be3f-0c480771472a_w1024.webp,.webp,78.3,Transformed
D:/DNQT/web-dnqt/members\A024,A071_LÊ THANH DIỆU LY.png,.png,555.53,Original
D:/DNQT/web-dnqt/members\A024,A071_LÊ THANH DIỆU LY_w1024.webp,.webp,70.2,Transformed
D:/DNQT/web-dnqt/members\A024,DieuLy.jpg,.jpg,197.61,Original
D:/DNQT/web-dnqt/members\A024,DieuLy_w1024.webp,.webp,72.85,Transformed
D:/DNQT/web-dnqt/members\A024,Screenshot 2026-03-18 130140.png,.png,16.62,Original
D:/DNQT/web-dnqt/members\A024,Screenshot 2026-03-18 130140_w1024.webp,.webp,14.02,Transformed
D:/DNQT/web-dnqt/members\A025,593585738_2249557835470958_2944363345951452713_n.jpg,.jpg,59.55,Original
D:/DNQT/web-dnqt/members\A025,593585738_2249557835470958_2944363345951452713_n_w1024.webp,.webp,14.56,Transformed
D:/DNQT/web-dnqt/members\A025,NguyenDinhPhuc.jpg,.jpg,58.12,Original
D:/DNQT/web-dnqt/members\A025,NguyenDinhPhuc_w1024.webp,.webp,59.72,Transformed
D:/DNQT/web-dnqt/members\A025,Phuc.jpg,.jpg,84.05,Original
D:/DNQT/web-dnqt/members\A025,Phuc_w1024.webp,.webp,50.43,Transformed
D:/DNQT/web-dnqt/members\A025,Screenshot 2026-03-18 131836.png,.png,667.89,Original
D:/DNQT/web-dnqt/members\A025,Screenshot 2026-03-18 131836_w1024.webp,.webp,48.26,Transformed
D:/DNQT/web-dnqt/members\A026,A022_VÕ THỊ NHÂN.png,.png,622.48,Original
D:/DNQT/web-dnqt/members\A026,A022_VÕ THỊ NHÂN_w1024.webp,.webp,52.84,Transformed
D:/DNQT/web-dnqt/members\A026,binhminhsafety.png,.png,5.44,Original
D:/DNQT/web-dnqt/members\A026,binhminhsafety_w1024.webp,.webp,56.31,Transformed
D:/DNQT/web-dnqt/members\A026,Nhan2_W128.webp,.webp,5.01,Original
D:/DNQT/web-dnqt/members\A026,Nhan2_W128_w1024.webp,.webp,45.45,Transformed
D:/DNQT/web-dnqt/members\A026,Nhan3_W128.webp,.webp,3.36,Original
D:/DNQT/web-dnqt/members\A026,Nhan3_W128_w1024.webp,.webp,27.84,Transformed
D:/DNQT/web-dnqt/members\A027,782d9abf-e3a8-498c-b4e6-e68b217b7cbb.jpg,.jpg,63.6,Original
D:/DNQT/web-dnqt/members\A027,782d9abf-e3a8-498c-b4e6-e68b217b7cbb_w1024.webp,.webp,53.68,Transformed
D:/DNQT/web-dnqt/members\A027,A053_NGUYỄN KHẮC TUỆ.png,.png,883.62,Original
D:/DNQT/web-dnqt/members\A027,A053_NGUYỄN KHẮC TUỆ_w1024.webp,.webp,119.81,Transformed
D:/DNQT/web-dnqt/members\A027,Screenshot 2026-03-18 180256.png,.png,26.57,Original
D:/DNQT/web-dnqt/members\A027,Screenshot 2026-03-18 180256_w1024.webp,.webp,16.08,Transformed
D:/DNQT/web-dnqt/members\A027,Tue.jpg,.jpg,46.29,Original
D:/DNQT/web-dnqt/members\A027,Tue_w1024.webp,.webp,47.48,Transformed
D:/DNQT/web-dnqt/members\A028,a7555e54-7b24-42d8-ac3b-ba02baa33cd2.jpg,.jpg,300.15,Original
D:/DNQT/web-dnqt/members\A028,a7555e54-7b24-42d8-ac3b-ba02baa33cd2_w1024.webp,.webp,140.45,Transformed
D:/DNQT/web-dnqt/members\A028,LHV-S.jpg,.jpg,17.38,Original
D:/DNQT/web-dnqt/members\A028,LHV-S_w1024.webp,.webp,57.45,Transformed
D:/DNQT/web-dnqt/members\A028,LHV-SR.png,.png,47.29,Original
D:/DNQT/web-dnqt/members\A028,LHV-SR_w1024.webp,.webp,22.39,Transformed
D:/DNQT/web-dnqt/members\A028,LHV.jpg,.jpg,479.7,Original
D:/DNQT/web-dnqt/members\A028,LHV_w1024.webp,.webp,187.93,Transformed
D:/DNQT/web-dnqt/members\A028,logo2.png,.png,138.46,Original
D:/DNQT/web-dnqt/members\A028,logo2_w1024.webp,.webp,70.23,Transformed
D:/DNQT/web-dnqt/members\A029,21277f7ca6e128bf71f0.jpg,.jpg,96.66,Original
D:/DNQT/web-dnqt/members\A029,21277f7ca6e128bf71f0_w1024.webp,.webp,49.0,Transformed
D:/DNQT/web-dnqt/members\A029,7a6b3a69-6d79-4191-9b47-45b9addd184e.jpg,.jpg,64.17,Original
D:/DNQT/web-dnqt/members\A029,7a6b3a69-6d79-4191-9b47-45b9addd184e_w1024.webp,.webp,60.24,Transformed
D:/DNQT/web-dnqt/members\A029,A023_TRẦN THỊ LAN.png,.png,631.66,Original
D:/DNQT/web-dnqt/members\A029,A023_TRẦN THỊ LAN_w1024.webp,.webp,64.57,Transformed
D:/DNQT/web-dnqt/members\A030,3x4.jpg,.jpg,306.33,Original
D:/DNQT/web-dnqt/members\A030,3x4_w1024.webp,.webp,58.56,Transformed
D:/DNQT/web-dnqt/members\A030,A047_NGUYỄN MẠNH TRÍ.png,.png,728.21,Original
D:/DNQT/web-dnqt/members\A030,A047_NGUYỄN MẠNH TRÍ_w1024.webp,.webp,121.23,Transformed
D:/DNQT/web-dnqt/members\A030,Thumb.png,.png,25.66,Original
D:/DNQT/web-dnqt/members\A030,Thumb_w1024.webp,.webp,79.11,Transformed
D:/DNQT/web-dnqt/members\A030,Tri_W128.webp,.webp,4.35,Original
D:/DNQT/web-dnqt/members\A030,Tri_W128_w1024.webp,.webp,40.72,Transformed
D:/DNQT/web-dnqt/members\A031,A008_HOÀNG BÁ HIỆP.png,.png,428.61,Original
D:/DNQT/web-dnqt/members\A031,A008_HOÀNG BÁ HIỆP_w1024.webp,.webp,132.27,Transformed
D:/DNQT/web-dnqt/members\A031,cdbdf7c2-7fdc-4d5b-8697-faca30aeb500-removebg-preview.png,.png,230.58,Original
D:/DNQT/web-dnqt/members\A031,cdbdf7c2-7fdc-4d5b-8697-faca30aeb500-removebg-preview_w1024.webp,.webp,41.82,Transformed
D:/DNQT/web-dnqt/members\A031,cdbdf7c2-7fdc-4d5b-8697-faca30aeb500.jpg,.jpg,99.93,Original
D:/DNQT/web-dnqt/members\A031,cdbdf7c2-7fdc-4d5b-8697-faca30aeb500_w1024.webp,.webp,100.54,Transformed
D:/DNQT/web-dnqt/members\A031,HOÀNG BÁ HIỆP.png,.png,428.61,Original
D:/DNQT/web-dnqt/members\A031,HOÀNG BÁ HIỆP_w1024.webp,.webp,132.27,Transformed
D:/DNQT/web-dnqt/members\A031,kakaotravel_H256.png,.png,59.19,Original
D:/DNQT/web-dnqt/members\A031,kakaotravel_H256_w1024.webp,.webp,68.1,Transformed
D:/DNQT/web-dnqt/members\A031,kakaotravel_H256.webp,.webp,19.82,Original
D:/DNQT/web-dnqt/members\A031,kakaotravel_H256_w1024.webp,.webp,72.08,Transformed
D:/DNQT/web-dnqt/members\A032,A026_BÀNH MẠNH PHONG.png,.png,133.17,Original
D:/DNQT/web-dnqt/members\A032,A026_BÀNH MẠNH PHONG_w1024.webp,.webp,47.49,Transformed
D:/DNQT/web-dnqt/members\A032,c5cd79be-c4de-43ff-b30e-0ae4ea87f3f3.jpg,.jpg,38.28,Original
D:/DNQT/web-dnqt/members\A032,c5cd79be-c4de-43ff-b30e-0ae4ea87f3f3_w1024.webp,.webp,38.78,Transformed
D:/DNQT/web-dnqt/members\A032,logo-agribank.jpg,.jpg,28.07,Original
D:/DNQT/web-dnqt/members\A032,logo-agribank_w1024.webp,.webp,20.69,Transformed
D:/DNQT/web-dnqt/members\A033,7c8d043e-76ec-4199-9cc9-636591e86af7-removebg-preview.png,.png,195.85,Original
D:/DNQT/web-dnqt/members\A033,7c8d043e-76ec-4199-9cc9-636591e86af7-removebg-preview_w1024.webp,.webp,31.47,Transformed
D:/DNQT/web-dnqt/members\A033,7c8d043e-76ec-4199-9cc9-636591e86af7.jpg,.jpg,277.39,Original
D:/DNQT/web-dnqt/members\A033,7c8d043e-76ec-4199-9cc9-636591e86af7_w1024.webp,.webp,130.56,Transformed
D:/DNQT/web-dnqt/members\A033,A011_VÕ HỮU BÌNH(1).png,.png,442.65,Original
D:/DNQT/web-dnqt/members\A033,A011_VÕ HỮU BÌNH(1)_w1024.webp,.webp,40.67,Transformed
D:/DNQT/web-dnqt/members\A033,A011_VÕ HỮU BÌNH.png,.png,502.05,Original
D:/DNQT/web-dnqt/members\A033,A011_VÕ HỮU BÌNH_w1024.webp,.webp,33.73,Transformed
D:/DNQT/web-dnqt/members\A033,Screenshot 2026-03-17 133117.png,.png,3.86,Original
D:/DNQT/web-dnqt/members\A033,Screenshot 2026-03-17 133117_w1024.webp,.webp,7.82,Transformed
D:/DNQT/web-dnqt/members\A033,VÕ HỮU BÌNH(1).png,.png,442.65,Original
D:/DNQT/web-dnqt/members\A033,VÕ HỮU BÌNH(1)_w1024.webp,.webp,40.67,Transformed
D:/DNQT/web-dnqt/members\A034,1_58.jfif,.jfif,56.4,Original
D:/DNQT/web-dnqt/members\A034,1_58_w1024.webp,.webp,25.34,Transformed
D:/DNQT/web-dnqt/members\A034,1_58.jpg,.jpg,49.15,Original
D:/DNQT/web-dnqt/members\A034,1_58_w1024.webp,.webp,30.47,Transformed
D:/DNQT/web-dnqt/members\A034,A014_HOÀNG ĐỨC THẮNG.png,.png,541.67,Original
D:/DNQT/web-dnqt/members\A034,A014_HOÀNG ĐỨC THẮNG_w1024.webp,.webp,76.49,Transformed
D:/DNQT/web-dnqt/members\A034,HOÀNG ĐỨC THẮNG.png,.png,541.67,Original
D:/DNQT/web-dnqt/members\A034,HOÀNG ĐỨC THẮNG_w1024.webp,.webp,76.49,Transformed
D:/DNQT/web-dnqt/members\A034,HOÀNG ĐỨC THẮNGs.png,.png,91.99,Original
D:/DNQT/web-dnqt/members\A034,HOÀNG ĐỨC THẮNGs_w1024.webp,.webp,39.04,Transformed
D:/DNQT/web-dnqt/members\A034,HOÀNG_ĐỨC_THẮNGs-removebg-preview.png,.png,58.84,Original
D:/DNQT/web-dnqt/members\A034,HOÀNG_ĐỨC_THẮNGs-removebg-preview_w1024.webp,.webp,18.86,Transformed
D:/DNQT/web-dnqt/members\A035,2981384167114850370.jpg,.jpg,49.83,Original
D:/DNQT/web-dnqt/members\A035,2981384167114850370_w1024.webp,.webp,45.86,Transformed
D:/DNQT/web-dnqt/members\A035,A015_TRẦN LÊ QUYẾT.png,.png,356.79,Original
D:/DNQT/web-dnqt/members\A035,A015_TRẦN LÊ QUYẾT_w1024.webp,.webp,55.98,Transformed
D:/DNQT/web-dnqt/members\A035,logo_VCB_828891.jpg,.jpg,16.09,Original
D:/DNQT/web-dnqt/members\A035,logo_VCB_828891_w1024.webp,.webp,20.69,Transformed
D:/DNQT/web-dnqt/members\A035,TRẦN LÊ QUYẾT.png,.png,356.79,Original
D:/DNQT/web-dnqt/members\A035,TRẦN LÊ QUYẾT_w1024.webp,.webp,55.98,Transformed
D:/DNQT/web-dnqt/members\A036,01cc8b68-b761-4a47-8877-bc0d960a4632.jpg,.jpg,296.59,Original
D:/DNQT/web-dnqt/members\A036,01cc8b68-b761-4a47-8877-bc0d960a4632_w1024.webp,.webp,116.82,Transformed
D:/DNQT/web-dnqt/members\A036,1421840256886566732.jpg,.jpg,326.74,Original
D:/DNQT/web-dnqt/members\A036,1421840256886566732_w1024.webp,.webp,74.11,Transformed
D:/DNQT/web-dnqt/members\A036,1421840256886566732s.jpg,.jpg,122.12,Original
D:/DNQT/web-dnqt/members\A036,1421840256886566732s_w1024.webp,.webp,41.64,Transformed
D:/DNQT/web-dnqt/members\A036,69e4c2bc-6e35-4dbb-8f9f-31b6b75106a5.jpg,.jpg,159.85,Original
D:/DNQT/web-dnqt/members\A036,69e4c2bc-6e35-4dbb-8f9f-31b6b75106a5_w1024.webp,.webp,17.13,Transformed
D:/DNQT/web-dnqt/members\A036,69e4c2bc-6e35-4dbb-8f9f-31b6b75106a52.jpg,.jpg,70.2,Original
D:/DNQT/web-dnqt/members\A036,69e4c2bc-6e35-4dbb-8f9f-31b6b75106a52_w1024.webp,.webp,22.68,Transformed
D:/DNQT/web-dnqt/members\A036,9c14ca71-f0ea-405d-bd33-ebe4f9b77cb9.jpg,.jpg,186.32,Original
D:/DNQT/web-dnqt/members\A036,9c14ca71-f0ea-405d-bd33-ebe4f9b77cb9_w1024.webp,.webp,75.26,Transformed
D:/DNQT/web-dnqt/members\A036,9c14ca71-f0ea-405d-bd33-ebe4f9b77cb92.jpg,.jpg,22.46,Original
D:/DNQT/web-dnqt/members\A036,9c14ca71-f0ea-405d-bd33-ebe4f9b77cb92_w1024.webp,.webp,33.65,Transformed
D:/DNQT/web-dnqt/members\A036,A078_LINH SAN.png,.png,363.21,Original
D:/DNQT/web-dnqt/members\A036,A078_LINH SAN_w1024.webp,.webp,63.51,Transformed
D:/DNQT/web-dnqt/members\A036,d5169808-2cad-429f-b565-94f03ea4df7c.jpg,.jpg,160.12,Original
D:/DNQT/web-dnqt/members\A036,d5169808-2cad-429f-b565-94f03ea4df7c_w1024.webp,.webp,72.11,Transformed
D:/DNQT/web-dnqt/members\A036,Linh San - Tinh La.png,.png,349.11,Original
D:/DNQT/web-dnqt/members\A036,Linh San - Tinh La_w1024.webp,.webp,19.78,Transformed
D:/DNQT/web-dnqt/members\A036,LinhSanLogo.png,.png,380.72,Original
D:/DNQT/web-dnqt/members\A036,LinhSanLogo_w1024.webp,.webp,59.3,Transformed
D:/DNQT/web-dnqt/members\A036,LinhSanLogo2.png,.png,358.8,Original
D:/DNQT/web-dnqt/members\A036,LinhSanLogo2_w1024.webp,.webp,67.56,Transformed
D:/DNQT/web-dnqt/members\A037,A016_NGUYỄN ĐỨC SƠN.png,.png,55.98,Original
D:/DNQT/web-dnqt/members\A037,A016_NGUYỄN ĐỨC SƠN_w1024.webp,.webp,33.76,Transformed
D:/DNQT/web-dnqt/members\A037,A016_NGUYỄN_ĐỨC_SƠN-removebg-preview.png,.png,40.29,Original
D:/DNQT/web-dnqt/members\A037,A016_NGUYỄN_ĐỨC_SƠN-removebg-preview_w1024.webp,.webp,20.73,Transformed
D:/DNQT/web-dnqt/members\A037,b7779784-f706-4828-8b27-5ce868684e0e.jpg,.jpg,239.39,Original
D:/DNQT/web-dnqt/members\A037,b7779784-f706-4828-8b27-5ce868684e0e_w1024.webp,.webp,117.36,Transformed
D:/DNQT/web-dnqt/members\A037,Banner2.png,.png,23.22,Original
D:/DNQT/web-dnqt/members\A037,Banner2_w1024.webp,.webp,27.4,Transformed
D:/DNQT/web-dnqt/members\A038,229fad04-5a3b-4833-9767-0bb4ff58ec7f.jpg,.jpg,42.84,Original
D:/DNQT/web-dnqt/members\A038,229fad04-5a3b-4833-9767-0bb4ff58ec7f_w1024.webp,.webp,36.27,Transformed
D:/DNQT/web-dnqt/members\A038,LOGO-WESTLAND.png,.png,60.36,Original
D:/DNQT/web-dnqt/members\A038,LOGO-WESTLAND_w1024.webp,.webp,16.39,Transformed
D:/DNQT/web-dnqt/members\A038,LOGO-WESTLANDs.png,.png,87.16,Original
D:/DNQT/web-dnqt/members\A038,LOGO-WESTLANDs_w1024.webp,.webp,21.9,Transformed
D:/DNQT/web-dnqt/members\A039,1_7.jpg,.jpg,57.44,Original
D:/DNQT/web-dnqt/members\A039,1_7_w1024.webp,.webp,21.65,Transformed
D:/DNQT/web-dnqt/members\A039,A021_NGUYỄN ANH HIỆP.png,.png,212.38,Original
D:/DNQT/web-dnqt/members\A039,A021_NGUYỄN ANH HIỆP_w1024.webp,.webp,37.78,Transformed
D:/DNQT/web-dnqt/members\A039,NGUYỄN ANH HIỆP.png,.png,72.45,Original
D:/DNQT/web-dnqt/members\A039,NGUYỄN ANH HIỆP_w1024.webp,.webp,23.76,Transformed
D:/DNQT/web-dnqt/members\A040,61wsn.jpg,.jpg,238.47,Original
D:/DNQT/web-dnqt/members\A040,61wsn_w1024.webp,.webp,88.12,Transformed
D:/DNQT/web-dnqt/members\A040,61wsns.jpg,.jpg,107.53,Original
D:/DNQT/web-dnqt/members\A040,61wsns_w1024.webp,.webp,57.72,Transformed
D:/DNQT/web-dnqt/members\A040,A024_PHẠM NGỌC CHỊNH.png,.png,353.02,Original
D:/DNQT/web-dnqt/members\A040,A024_PHẠM NGỌC CHỊNH_w1024.webp,.webp,79.19,Transformed
D:/DNQT/web-dnqt/members\A040,dfda77c2-ed5e-4870-9ed2-69c0fea787e7.jpg,.jpg,407.21,Original
D:/DNQT/web-dnqt/members\A040,dfda77c2-ed5e-4870-9ed2-69c0fea787e7_w1024.webp,.webp,72.19,Transformed
D:/DNQT/web-dnqt/members\A040,ff3afa64-08be-4e4c-8d6a-c73c4a3f4081.jpg,.jpg,111.04,Original
D:/DNQT/web-dnqt/members\A040,ff3afa64-08be-4e4c-8d6a-c73c4a3f4081_w1024.webp,.webp,91.32,Transformed
D:/DNQT/web-dnqt/members\A040,PHẠM NGỌC CHỊNH.png,.png,353.02,Original
D:/DNQT/web-dnqt/members\A040,PHẠM NGỌC CHỊNH_w1024.webp,.webp,79.19,Transformed
D:/DNQT/web-dnqt/members\A041,8e9f046e-f868-4f1a-8e17-24d94e265be0.jpg,.jpg,63.88,Original
D:/DNQT/web-dnqt/members\A041,8e9f046e-f868-4f1a-8e17-24d94e265be0_w1024.webp,.webp,12.95,Transformed
D:/DNQT/web-dnqt/members\A041,9f227722-024f-4484-aa9d-4d42334d18b7.jpg,.jpg,249.37,Original
D:/DNQT/web-dnqt/members\A041,9f227722-024f-4484-aa9d-4d42334d18b7_w1024.webp,.webp,135.14,Transformed
D:/DNQT/web-dnqt/members\A041,A025_VÕ KIM PHƯỢNG.png,.png,69.08,Original
D:/DNQT/web-dnqt/members\A041,A025_VÕ KIM PHƯỢNG_w1024.webp,.webp,59.81,Transformed
D:/DNQT/web-dnqt/members\A041,AMou7.jpg,.jpg,99.89,Original
D:/DNQT/web-dnqt/members\A041,AMou7_w1024.webp,.webp,46.7,Transformed
D:/DNQT/web-dnqt/members\A042,A028_TRẦN THANH QUÂN.png,.png,277.83,Original
D:/DNQT/web-dnqt/members\A042,A028_TRẦN THANH QUÂN_w1024.webp,.webp,79.63,Transformed
D:/DNQT/web-dnqt/members\A042,AWAXD.jpg,.jpg,157.53,Original
D:/DNQT/web-dnqt/members\A042,AWAXD_w1024.webp,.webp,30.18,Transformed
D:/DNQT/web-dnqt/members\A042,AWAXDs.jpg,.jpg,47.67,Original
D:/DNQT/web-dnqt/members\A042,AWAXDs_w1024.webp,.webp,30.41,Transformed
D:/DNQT/web-dnqt/members\A042,fae6e73ecb31606f3920.jpg,.jpg,24.81,Original
D:/DNQT/web-dnqt/members\A042,fae6e73ecb31606f3920_w1024.webp,.webp,29.03,Transformed
D:/DNQT/web-dnqt/members\A043,A029_LÊ HƯNG.png,.png,160.95,Original
D:/DNQT/web-dnqt/members\A043,A029_LÊ HƯNG_w1024.webp,.webp,43.04,Transformed
D:/DNQT/web-dnqt/members\A043,A029_LÊ_HƯNG-removebg-preview.png,.png,92.01,Original
D:/DNQT/web-dnqt/members\A043,A029_LÊ_HƯNG-removebg-preview_w1024.webp,.webp,20.19,Transformed
D:/DNQT/web-dnqt/members\A043,images.png,.png,4.92,Original
D:/DNQT/web-dnqt/members\A043,images_w1024.webp,.webp,21.49,Transformed
D:/DNQT/web-dnqt/members\A044,1fc49257-a173-4fe4-9d39-92ea1e435810.jpg,.jpg,114.33,Original
D:/DNQT/web-dnqt/members\A044,1fc49257-a173-4fe4-9d39-92ea1e435810_w1024.webp,.webp,41.26,Transformed
D:/DNQT/web-dnqt/members\A044,503898201_3069033303263775_4719040636163912495_n.jpg,.jpg,178.6,Original
D:/DNQT/web-dnqt/members\A044,503898201_3069033303263775_4719040636163912495_n_w1024.webp,.webp,212.53,Transformed
D:/DNQT/web-dnqt/members\A044,505716347_3078371912329914_881836040670946104_n.jpg,.jpg,41.59,Original
D:/DNQT/web-dnqt/members\A044,505716347_3078371912329914_881836040670946104_n_w1024.webp,.webp,90.54,Transformed
D:/DNQT/web-dnqt/members\A044,506614077_3079566802210425_3697958648140070359_n.jpg,.jpg,810.38,Original
D:/DNQT/web-dnqt/members\A044,506614077_3079566802210425_3697958648140070359_n_w1024.webp,.webp,311.93,Transformed
D:/DNQT/web-dnqt/members\A044,52113275-55f7-4e2f-b384-2964af11d1e0.jpg,.jpg,75.21,Original
D:/DNQT/web-dnqt/members\A044,52113275-55f7-4e2f-b384-2964af11d1e0_w1024.webp,.webp,56.19,Transformed
D:/DNQT/web-dnqt/members\A044,A030_KHẮC THỊ LỰU.png,.png,708.6,Original
D:/DNQT/web-dnqt/members\A044,A030_KHẮC THỊ LỰU_w1024.webp,.webp,159.55,Transformed
D:/DNQT/web-dnqt/members\A044,fb.jpg,.jpg,58.54,Original
D:/DNQT/web-dnqt/members\A044,fb_w1024.webp,.webp,64.97,Transformed
D:/DNQT/web-dnqt/members\A044,HJvsj.jpg,.jpg,191.67,Original
D:/DNQT/web-dnqt/members\A044,HJvsj_w1024.webp,.webp,53.82,Transformed
D:/DNQT/web-dnqt/members\A044,image.jpg,.jpg,194.92,Original
D:/DNQT/web-dnqt/members\A044,image_w1024.webp,.webp,53.14,Transformed
D:/DNQT/web-dnqt/members\A045,6CCtI.jpg,.jpg,174.4,Original
D:/DNQT/web-dnqt/members\A045,6CCtI_w1024.webp,.webp,38.31,Transformed
D:/DNQT/web-dnqt/members\A045,A031_VÕ TIẾN LÂM.png,.png,167.36,Original
D:/DNQT/web-dnqt/members\A045,A031_VÕ TIẾN LÂM_w1024.webp,.webp,64.19,Transformed
D:/DNQT/web-dnqt/members\A045,dddb5e57-b0c3-45c6-9c57-0e776005e053-removebg-preview.png,.png,69.5,Original
D:/DNQT/web-dnqt/members\A045,dddb5e57-b0c3-45c6-9c57-0e776005e053-removebg-preview_w1024.webp,.webp,19.96,Transformed
D:/DNQT/web-dnqt/members\A045,dddb5e57-b0c3-45c6-9c57-0e776005e053.jpg,.jpg,20.61,Original
D:/DNQT/web-dnqt/members\A045,dddb5e57-b0c3-45c6-9c57-0e776005e053_w1024.webp,.webp,43.67,Transformed
D:/DNQT/web-dnqt/members\A045,thuanthienphat.png,.png,277.89,Original
D:/DNQT/web-dnqt/members\A045,thuanthienphat_w1024.webp,.webp,27.5,Transformed
D:/DNQT/web-dnqt/members\A045,thuanthienphat0.png,.png,350.71,Original
D:/DNQT/web-dnqt/members\A045,thuanthienphat0_w1024.webp,.webp,26.14,Transformed
D:/DNQT/web-dnqt/members\A046,A032_ĐẶNG THỊ YẾN.png,.png,397.46,Original
D:/DNQT/web-dnqt/members\A046,A032_ĐẶNG THỊ YẾN_w1024.webp,.webp,54.13,Transformed
D:/DNQT/web-dnqt/members\A046,grfood_H128.png,.png,48.69,Original
D:/DNQT/web-dnqt/members\A046,grfood_H128_w1024.webp,.webp,32.12,Transformed
D:/DNQT/web-dnqt/members\A046,grfood_H128.webp,.webp,7.67,Original
D:/DNQT/web-dnqt/members\A046,grfood_H128_w1024.webp,.webp,32.25,Transformed
D:/DNQT/web-dnqt/members\A047,6fa1ae47-3332-4fd9-a7a3-7d30791f1b93-removebg-preview.png,.png,215.56,Original
D:/DNQT/web-dnqt/members\A047,6fa1ae47-3332-4fd9-a7a3-7d30791f1b93-removebg-preview_w1024.webp,.webp,27.71,Transformed
D:/DNQT/web-dnqt/members\A047,6fa1ae47-3332-4fd9-a7a3-7d30791f1b93.jpg,.jpg,55.49,Original
D:/DNQT/web-dnqt/members\A047,6fa1ae47-3332-4fd9-a7a3-7d30791f1b93_w1024.webp,.webp,37.11,Transformed
D:/DNQT/web-dnqt/members\A047,logo-vietduchome-01.webp,.webp,5.19,Original
D:/DNQT/web-dnqt/members\A047,logo-vietduchome-01_w1024.webp,.webp,23.29,Transformed
D:/DNQT/web-dnqt/members\A047,Screenshot 2026-03-18 142553.png,.png,38.03,Original
D:/DNQT/web-dnqt/members\A047,Screenshot 2026-03-18 142553_w1024.webp,.webp,16.26,Transformed
D:/DNQT/web-dnqt/members\A048,A034_PHAN VĂN ĐAN HUYỀN.png,.png,404.97,Original
D:/DNQT/web-dnqt/members\A048,A034_PHAN VĂN ĐAN HUYỀN_w1024.webp,.webp,45.12,Transformed
D:/DNQT/web-dnqt/members\A048,Screenshot 2026-03-18 144244.png,.png,30.88,Original
D:/DNQT/web-dnqt/members\A048,Screenshot 2026-03-18 144244_w1024.webp,.webp,11.78,Transformed
D:/DNQT/web-dnqt/members\A049,A035_HOÀNG ĐỨC NAM.png,.png,242.18,Original
D:/DNQT/web-dnqt/members\A049,A035_HOÀNG ĐỨC NAM_w1024.webp,.webp,62.43,Transformed
D:/DNQT/web-dnqt/members\A049,satthepsata_H128.webp,.webp,4.93,Original
D:/DNQT/web-dnqt/members\A049,satthepsata_H128_w1024.webp,.webp,48.76,Transformed
D:/DNQT/web-dnqt/members\A050,2e92267439e8b7b6eef9.jpg,.jpg,12.2,Original
D:/DNQT/web-dnqt/members\A050,2e92267439e8b7b6eef9_w1024.webp,.webp,13.09,Transformed
D:/DNQT/web-dnqt/members\A050,2e92267439e8b7b6eef92.jpg,.jpg,3.35,Original
D:/DNQT/web-dnqt/members\A050,2e92267439e8b7b6eef92_w1024.webp,.webp,21.68,Transformed
D:/DNQT/web-dnqt/members\A050,A037_HOÀNG THỊ ÁNH TUYẾT.png,.png,877.16,Original
D:/DNQT/web-dnqt/members\A050,A037_HOÀNG THỊ ÁNH TUYẾT_w1024.webp,.webp,58.58,Transformed
D:/DNQT/web-dnqt/members\A050,LKN_7387 - Tuyet Hoang.jpeg,.jpeg,245.21,Original
D:/DNQT/web-dnqt/members\A050,LKN_7387 - Tuyet Hoang_w1024.webp,.webp,61.18,Transformed
D:/DNQT/web-dnqt/members\A050,LKN_7387_-_Tuyet_Hoang-removebg-preview.png,.png,194.95,Original
D:/DNQT/web-dnqt/members\A050,LKN_7387_-_Tuyet_Hoang-removebg-preview_w1024.webp,.webp,23.86,Transformed
D:/DNQT/web-dnqt/members\A051,A038_TRẦN ĐÌNH THÀNH.png,.png,1024.19,Original
D:/DNQT/web-dnqt/members\A051,A038_TRẦN ĐÌNH THÀNH_w1024.webp,.webp,142.41,Transformed
D:/DNQT/web-dnqt/members\A051,bac715a6-d012-4867-838b-ce49f5d88184.jpg,.jpg,191.24,Original
D:/DNQT/web-dnqt/members\A051,bac715a6-d012-4867-838b-ce49f5d88184_w1024.webp,.webp,53.84,Transformed
D:/DNQT/web-dnqt/members\A051,logo-cuoitrang-thientienphat-01 - Copy.png,.png,6.69,Original
D:/DNQT/web-dnqt/members\A051,logo-cuoitrang-thientienphat-01 - Copy_w1024.webp,.webp,14.7,Transformed
D:/DNQT/web-dnqt/members\A051,logo-cuoitrang-thientienphat-01.png,.png,5.5,Original
D:/DNQT/web-dnqt/members\A051,logo-cuoitrang-thientienphat-01_w1024.webp,.webp,46.33,Transformed
D:/DNQT/web-dnqt/members\A052,3c77319a-b315-4482-876f-5cc5adcb5b5c.jpg,.jpg,360.65,Original
D:/DNQT/web-dnqt/members\A052,3c77319a-b315-4482-876f-5cc5adcb5b5c_w1024.webp,.webp,198.97,Transformed
D:/DNQT/web-dnqt/members\A052,A040_TRẦN KHÁNH HUYỀN TRANG.png,.png,71.97,Original
D:/DNQT/web-dnqt/members\A052,A040_TRẦN KHÁNH HUYỀN TRANG_w1024.webp,.webp,52.95,Transformed
D:/DNQT/web-dnqt/members\A052,A040_TRẦN_KHÁNH_HUYỀN_TRANG-removebg-preview.png,.png,34.34,Original
D:/DNQT/web-dnqt/members\A052,A040_TRẦN_KHÁNH_HUYỀN_TRANG-removebg-preview_w1024.webp,.webp,17.82,Transformed
D:/DNQT/web-dnqt/members\A053,A041_Lê Thị Phương Nhi-1.png,.png,492.01,Original
D:/DNQT/web-dnqt/members\A053,A041_Lê Thị Phương Nhi-1_w1024.webp,.webp,65.82,Transformed
D:/DNQT/web-dnqt/members\A053,A041_Lê Thị Phương Nhi.png,.png,95.83,Original
D:/DNQT/web-dnqt/members\A053,A041_Lê Thị Phương Nhi_w1024.webp,.webp,39.62,Transformed
D:/DNQT/web-dnqt/members\A053,logo.png,.png,67.89,Original
D:/DNQT/web-dnqt/members\A053,logo_w1024.webp,.webp,19.84,Transformed
D:/DNQT/web-dnqt/members\A054,A042_NGUYỄN THÁI TRINH.png,.png,204.56,Original
D:/DNQT/web-dnqt/members\A054,A042_NGUYỄN THÁI TRINH_w1024.webp,.webp,38.99,Transformed
D:/DNQT/web-dnqt/members\A054,cropped-file-tach-nen-2-web-3 - Copy.png,.png,46.72,Original
D:/DNQT/web-dnqt/members\A054,cropped-file-tach-nen-2-web-3 - Copy_w1024.webp,.webp,12.0,Transformed
D:/DNQT/web-dnqt/members\A054,cropped-file-tach-nen-2-web-3.png,.png,145.22,Original
D:/DNQT/web-dnqt/members\A054,cropped-file-tach-nen-2-web-3_w1024.webp,.webp,26.09,Transformed
D:/DNQT/web-dnqt/members\A054,NGUYỄN THÁI TRINH.png,.png,81.53,Original
D:/DNQT/web-dnqt/members\A054,NGUYỄN THÁI TRINH_w1024.webp,.webp,30.59,Transformed
D:/DNQT/web-dnqt/members\A055,A043_TRƯƠNG MINH NHẬT.png,.png,78.71,Original
D:/DNQT/web-dnqt/members\A055,A043_TRƯƠNG MINH NHẬT_w1024.webp,.webp,33.03,Transformed
D:/DNQT/web-dnqt/members\A055,A043_TRƯƠNG_MINH_NHẬT-removebg-preview.png,.png,52.61,Original
D:/DNQT/web-dnqt/members\A055,A043_TRƯƠNG_MINH_NHẬT-removebg-preview_w1024.webp,.webp,20.5,Transformed
D:/DNQT/web-dnqt/members\A055,S365.png,.png,15.2,Original
D:/DNQT/web-dnqt/members\A055,S365_w1024.webp,.webp,41.04,Transformed
D:/DNQT/web-dnqt/members\A055,Screenshot 2026-03-18 161225.png,.png,18.7,Original
D:/DNQT/web-dnqt/members\A055,Screenshot 2026-03-18 161225_w1024.webp,.webp,9.2,Transformed
D:/DNQT/web-dnqt/members\A056,A044_DƯƠNG NHƯ THI.png,.png,75.08,Original
D:/DNQT/web-dnqt/members\A056,A044_DƯƠNG NHƯ THI_w1024.webp,.webp,30.63,Transformed
D:/DNQT/web-dnqt/members\A056,A044_DƯƠNG_NHƯ_THI-removebg-preview.png,.png,49.27,Original
D:/DNQT/web-dnqt/members\A056,A044_DƯƠNG_NHƯ_THI-removebg-preview_w1024.webp,.webp,18.29,Transformed
D:/DNQT/web-dnqt/members\A056,image-2-1735364506.png,.png,7.59,Original
D:/DNQT/web-dnqt/members\A056,image-2-1735364506_w1024.webp,.webp,15.62,Transformed
D:/DNQT/web-dnqt/members\A056,Screenshot 2026-03-18 163941.png,.png,17.02,Original
D:/DNQT/web-dnqt/members\A056,Screenshot 2026-03-18 163941_w1024.webp,.webp,14.71,Transformed
D:/DNQT/web-dnqt/members\A057,A046_NGUYỄN THANH MINH.png,.png,343.63,Original
D:/DNQT/web-dnqt/members\A057,A046_NGUYỄN THANH MINH_w1024.webp,.webp,65.25,Transformed
D:/DNQT/web-dnqt/members\A057,A046_NGUYỄN THÀNH VINH.png,.png,341.83,Original
D:/DNQT/web-dnqt/members\A057,A046_NGUYỄN THÀNH VINH_w1024.webp,.webp,45.45,Transformed
D:/DNQT/web-dnqt/members\A057,Screenshot 2026-03-18 165228.png,.png,33.06,Original
D:/DNQT/web-dnqt/members\A057,Screenshot 2026-03-18 165228_w1024.webp,.webp,17.19,Transformed
D:/DNQT/web-dnqt/members\A058,1.png,.png,192.42,Original
D:/DNQT/web-dnqt/members\A058,1_w1024.webp,.webp,28.6,Transformed
D:/DNQT/web-dnqt/members\A058,A048_NGUYỄN NGỌC LINH.png,.png,156.38,Original
D:/DNQT/web-dnqt/members\A058,A048_NGUYỄN NGỌC LINH_w1024.webp,.webp,33.49,Transformed
D:/DNQT/web-dnqt/members\A058,f7ce2f5b-922b-4da1-8c5f-249a97fc7a0f.jpg,.jpg,38.58,Original
D:/DNQT/web-dnqt/members\A058,f7ce2f5b-922b-4da1-8c5f-249a97fc7a0f_w1024.webp,.webp,43.99,Transformed
D:/DNQT/web-dnqt/members\A058,logo02-6709.png,.png,16.31,Original
D:/DNQT/web-dnqt/members\A058,logo02-6709_w1024.webp,.webp,69.49,Transformed
D:/DNQT/web-dnqt/members\A059,78ad4c64-a154-43e7-8a56-4c7c628032dc.jpg,.jpg,72.78,Original
D:/DNQT/web-dnqt/members\A059,78ad4c64-a154-43e7-8a56-4c7c628032dc_w1024.webp,.webp,41.85,Transformed
D:/DNQT/web-dnqt/members\A059,A049_LÊ THỊ PHƯỢNG.png,.png,580.9,Original
D:/DNQT/web-dnqt/members\A059,A049_LÊ THỊ PHƯỢNG_w1024.webp,.webp,45.5,Transformed
D:/DNQT/web-dnqt/members\A059,fec658a2-0e3f-4466-b6ea-bf284c79a942.jpg,.jpg,233.92,Original
D:/DNQT/web-dnqt/members\A059,fec658a2-0e3f-4466-b6ea-bf284c79a942_w1024.webp,.webp,112.92,Transformed
D:/DNQT/web-dnqt/members\A059,image_8.png,.png,370.0,Original
D:/DNQT/web-dnqt/members\A059,image_8_w1024.webp,.webp,75.35,Transformed
D:/DNQT/web-dnqt/members\A059,logo-Thien-Bao.png,.png,54.31,Original
D:/DNQT/web-dnqt/members\A059,logo-Thien-Bao_w1024.webp,.webp,70.74,Transformed
D:/DNQT/web-dnqt/members\A059,Screenshot 2026-03-18 155507.png,.png,56.57,Original
D:/DNQT/web-dnqt/members\A059,Screenshot 2026-03-18 155507_w1024.webp,.webp,23.24,Transformed
D:/DNQT/web-dnqt/members\A060,1641612647258.jpg,.jpg,8.37,Original
D:/DNQT/web-dnqt/members\A060,1641612647258_w1024.webp,.webp,24.86,Transformed
D:/DNQT/web-dnqt/members\A060,Screenshot 2026-03-18 184942.png,.png,7.72,Original
D:/DNQT/web-dnqt/members\A060,Screenshot 2026-03-18 184942_w1024.webp,.webp,15.34,Transformed
D:/DNQT/web-dnqt/members\A061,A051_PHẠM THỊ HỒNG.png,.png,662.61,Original
D:/DNQT/web-dnqt/members\A061,A051_PHẠM THỊ HỒNG_w1024.webp,.webp,62.9,Transformed
D:/DNQT/web-dnqt/members\A061,Hong.jpg,.jpg,90.96,Original
D:/DNQT/web-dnqt/members\A061,Hong_w1024.webp,.webp,46.83,Transformed
D:/DNQT/web-dnqt/members\A061,images.png,.png,3.09,Original
D:/DNQT/web-dnqt/members\A061,images_w1024.webp,.webp,17.89,Transformed
D:/DNQT/web-dnqt/members\A062,1.png,.png,213.84,Original
D:/DNQT/web-dnqt/members\A062,1_w1024.webp,.webp,34.33,Transformed
D:/DNQT/web-dnqt/members\A062,A052_NGUYỄN HỒNG TRƯỜNG.png,.png,773.56,Original
D:/DNQT/web-dnqt/members\A062,A052_NGUYỄN HỒNG TRƯỜNG_w1024.webp,.webp,156.54,Transformed
D:/DNQT/web-dnqt/members\A062,h_logo-3113.png,.png,74.04,Original
D:/DNQT/web-dnqt/members\A062,h_logo-3113_w1024.webp,.webp,32.97,Transformed
D:/DNQT/web-dnqt/members\A063,14792bb9-5d11-4498-a045-3cd51220e928.jpg,.jpg,15.07,Original
D:/DNQT/web-dnqt/members\A063,14792bb9-5d11-4498-a045-3cd51220e928_w1024.webp,.webp,27.81,Transformed
D:/DNQT/web-dnqt/members\A063,4f9ccb70-0177-478a-b7bf-54316d0d63e2-removebg-preview.png,.png,61.63,Original
D:/DNQT/web-dnqt/members\A063,4f9ccb70-0177-478a-b7bf-54316d0d63e2-removebg-preview_w1024.webp,.webp,22.61,Transformed
D:/DNQT/web-dnqt/members\A063,4f9ccb70-0177-478a-b7bf-54316d0d63e2.jpg,.jpg,41.11,Original
D:/DNQT/web-dnqt/members\A063,4f9ccb70-0177-478a-b7bf-54316d0d63e2_w1024.webp,.webp,76.31,Transformed
D:/DNQT/web-dnqt/members\A063,b7b69f59-3604-4ac3-9a66-76ea7e88ef49.jpg,.jpg,120.61,Original
D:/DNQT/web-dnqt/members\A063,b7b69f59-3604-4ac3-9a66-76ea7e88ef49_w1024.webp,.webp,35.02,Transformed
D:/DNQT/web-dnqt/members\A064,70599cbf-ee97-4dcd-b212-39957f51af93.jpg,.jpg,85.86,Original
D:/DNQT/web-dnqt/members\A064,70599cbf-ee97-4dcd-b212-39957f51af93_w1024.webp,.webp,33.35,Transformed
D:/DNQT/web-dnqt/members\A064,A055_NGUYỄN THỊ HOÀNG ANH.png,.png,760.99,Original
D:/DNQT/web-dnqt/members\A064,A055_NGUYỄN THỊ HOÀNG ANH_w1024.webp,.webp,120.47,Transformed
D:/DNQT/web-dnqt/members\A064,images.png,.png,19.89,Original
D:/DNQT/web-dnqt/members\A064,images_w1024.webp,.webp,23.05,Transformed
D:/DNQT/web-dnqt/members\A065,A056_NGUYỄN SỞ HÀM(1).png,.png,515.18,Original
D:/DNQT/web-dnqt/members\A065,A056_NGUYỄN SỞ HÀM(1)_w1024.webp,.webp,53.53,Transformed
D:/DNQT/web-dnqt/members\A065,A056_NGUYỄN SỞ HÀM.png,.png,507.71,Original
D:/DNQT/web-dnqt/members\A065,A056_NGUYỄN SỞ HÀM_w1024.webp,.webp,54.92,Transformed
D:/DNQT/web-dnqt/members\A066,66.png,.png,218.17,Original
D:/DNQT/web-dnqt/members\A066,66_w1024.webp,.webp,34.67,Transformed
D:/DNQT/web-dnqt/members\A066,A057_TRẦN HÀO.png,.png,60.84,Original
D:/DNQT/web-dnqt/members\A066,A057_TRẦN HÀO_w1024.webp,.webp,54.79,Transformed
D:/DNQT/web-dnqt/members\A066,images.jpg,.jpg,7.35,Original
D:/DNQT/web-dnqt/members\A066,images_w1024.webp,.webp,30.64,Transformed
D:/DNQT/web-dnqt/members\A067,931c8ce4-964b-483c-b3c3-41676fd951dd.jpg,.jpg,190.36,Original
D:/DNQT/web-dnqt/members\A067,931c8ce4-964b-483c-b3c3-41676fd951dd_w1024.webp,.webp,112.03,Transformed
D:/DNQT/web-dnqt/members\A067,A059_HOÀNG MINH ANH.png,.png,329.28,Original
D:/DNQT/web-dnqt/members\A067,A059_HOÀNG MINH ANH_w1024.webp,.webp,45.78,Transformed
D:/DNQT/web-dnqt/members\A067,d3b6962a-b810-4eae-a34d-edf1e7782d25.jpg,.jpg,242.08,Original
D:/DNQT/web-dnqt/members\A067,d3b6962a-b810-4eae-a34d-edf1e7782d25_w1024.webp,.webp,95.28,Transformed
D:/DNQT/web-dnqt/members\A067,Eximbank_logo_2012.webp,.webp,30.5,Original
D:/DNQT/web-dnqt/members\A067,Eximbank_logo_2012_w1024.webp,.webp,22.64,Transformed
D:/DNQT/web-dnqt/members\A067,eximbank_vietnam-logo_brandlogos.net_7zsbu.png,.png,26.89,Original
D:/DNQT/web-dnqt/members\A067,eximbank_vietnam-logo_brandlogos.net_7zsbu_w1024.webp,.webp,13.37,Transformed
D:/DNQT/web-dnqt/members\A067,LogoEximbank4.jpg,.jpg,33.48,Original
D:/DNQT/web-dnqt/members\A067,LogoEximbank4_w1024.webp,.webp,18.94,Transformed
D:/DNQT/web-dnqt/members\A067,Yg06k.jpg,.jpg,30.3,Original
D:/DNQT/web-dnqt/members\A067,Yg06k_w1024.webp,.webp,45.11,Transformed
D:/DNQT/web-dnqt/members\A068,image.jpg,.jpg,115.11,Original
D:/DNQT/web-dnqt/members\A068,image_w1024.webp,.webp,29.73,Transformed
D:/DNQT/web-dnqt/members\A068,logo-ngoc-thinh.webp,.webp,21.52,Original
D:/DNQT/web-dnqt/members\A068,logo-ngoc-thinh_w1024.webp,.webp,43.67,Transformed
D:/DNQT/web-dnqt/members\A069,3596bcd2-797c-41cd-bf64-f00a3a1eb561.jpg,.jpg,20.8,Original
D:/DNQT/web-dnqt/members\A069,3596bcd2-797c-41cd-bf64-f00a3a1eb561_w1024.webp,.webp,42.41,Transformed
D:/DNQT/web-dnqt/members\A069,A061_NGUYỄN NGỌC TUÂN.png,.png,31.13,Original
D:/DNQT/web-dnqt/members\A069,A061_NGUYỄN NGỌC TUÂN_w1024.webp,.webp,19.34,Transformed
D:/DNQT/web-dnqt/members\A070,A062_LÊ CHÍ TRUNG.png,.png,700.41,Original
D:/DNQT/web-dnqt/members\A070,A062_LÊ CHÍ TRUNG_w1024.webp,.webp,89.44,Transformed
D:/DNQT/web-dnqt/members\A070,dfb460c3-a60f-45de-8ecf-f9b440a27354.jpg,.jpg,152.8,Original
D:/DNQT/web-dnqt/members\A070,dfb460c3-a60f-45de-8ecf-f9b440a27354_w1024.webp,.webp,83.08,Transformed
D:/DNQT/web-dnqt/members\A070,Gemini_Generated_Image_17zevx17zevx17ze_W1024.webp,.webp,56.07,Original
D:/DNQT/web-dnqt/members\A070,Gemini_Generated_Image_17zevx17zevx17ze_W1024_w1024.webp,.webp,58.36,Transformed
D:/DNQT/web-dnqt/members\A070,Gemini_Generated_Image_qonkpfqonkpfqonk_W1024.webp,.webp,54.12,Original
D:/DNQT/web-dnqt/members\A070,Gemini_Generated_Image_qonkpfqonkpfqonk_W1024_w1024.webp,.webp,55.42,Transformed
D:/DNQT/web-dnqt/members\A070,tvp.jpg,.jpg,46.01,Original
D:/DNQT/web-dnqt/members\A070,tvp_w1024.webp,.webp,13.79,Transformed
D:/DNQT/web-dnqt/members\A071,A063_HỒ XUÂN HIỆP.png,.png,266.92,Original
D:/DNQT/web-dnqt/members\A071,A063_HỒ XUÂN HIỆP_w1024.webp,.webp,51.11,Transformed
D:/DNQT/web-dnqt/members\A071,bbdfbe80-12ec-44c0-b306-5729b43d39f5.jpg,.jpg,255.59,Original
D:/DNQT/web-dnqt/members\A071,bbdfbe80-12ec-44c0-b306-5729b43d39f5_w1024.webp,.webp,128.62,Transformed
D:/DNQT/web-dnqt/members\A071,Gemini_Generated_Image_b5u4m0b5u4m0b5u4_W1024.webp,.webp,64.79,Original
D:/DNQT/web-dnqt/members\A071,Gemini_Generated_Image_b5u4m0b5u4m0b5u4_W1024_w1024.webp,.webp,64.12,Transformed
D:/DNQT/web-dnqt/members\A071,logo-1749265779.png,.png,17.24,Original
D:/DNQT/web-dnqt/members\A071,logo-1749265779_w1024.webp,.webp,16.38,Transformed
D:/DNQT/web-dnqt/members\A071,logo-1749265779.png.webp,.webp,16.72,Original
D:/DNQT/web-dnqt/members\A071,logo-1749265779.png_w1024.webp,.webp,50.31,Transformed
D:/DNQT/web-dnqt/members\A072,1.jpg,.jpg,38.42,Original
D:/DNQT/web-dnqt/members\A072,1_w1024.webp,.webp,31.73,Transformed
D:/DNQT/web-dnqt/members\A072,Gemini_Generated_Image_biteo0biteo0bite_W1024.webp,.webp,45.08,Original
D:/DNQT/web-dnqt/members\A072,Gemini_Generated_Image_biteo0biteo0bite_W1024_w1024.webp,.webp,44.93,Transformed
D:/DNQT/web-dnqt/members\A072,logo.png,.png,8.45,Original
D:/DNQT/web-dnqt/members\A072,logo_w1024.webp,.webp,43.25,Transformed
D:/DNQT/web-dnqt/members\A073,480282260_611050961713302_409808744266562024_n.jpg,.jpg,6.15,Original
D:/DNQT/web-dnqt/members\A073,480282260_611050961713302_409808744266562024_n_w1024.webp,.webp,27.8,Transformed
D:/DNQT/web-dnqt/members\A073,A066_PHẠM THỊ PHƯƠNG LAN.png,.png,385.78,Original
D:/DNQT/web-dnqt/members\A073,A066_PHẠM THỊ PHƯƠNG LAN_w1024.webp,.webp,41.17,Transformed
D:/DNQT/web-dnqt/members\A073,Gemini_Generated_Image_enullienullienul_W1024.webp,.webp,40.39,Original
D:/DNQT/web-dnqt/members\A073,Gemini_Generated_Image_enullienullienul_W1024_w1024.webp,.webp,40.59,Transformed
D:/DNQT/web-dnqt/members\A073,Logo-lavener-2.png,.png,3.81,Original
D:/DNQT/web-dnqt/members\A073,Logo-lavener-2_w1024.webp,.webp,33.72,Transformed
D:/DNQT/web-dnqt/members\A074,A067_NGUYỄN HÀ NHI.png,.png,40.55,Original
D:/DNQT/web-dnqt/members\A074,A067_NGUYỄN HÀ NHI_w1024.webp,.webp,51.6,Transformed
D:/DNQT/web-dnqt/members\A074,Gemini_Generated_Image_a2vypza2vypza2vy_W1024.webp,.webp,66.61,Original
D:/DNQT/web-dnqt/members\A074,Gemini_Generated_Image_a2vypza2vypza2vy_W1024_w1024.webp,.webp,68.63,Transformed
D:/DNQT/web-dnqt/members\A074,logo-2024-png-1.png,.png,198.48,Original
D:/DNQT/web-dnqt/members\A074,logo-2024-png-1_w1024.webp,.webp,65.22,Transformed
D:/DNQT/web-dnqt/members\A075,A068_TRẦN LÊ QUỲNH DIỄM.png,.png,400.46,Original
D:/DNQT/web-dnqt/members\A075,A068_TRẦN LÊ QUỲNH DIỄM_w1024.webp,.webp,50.15,Transformed
D:/DNQT/web-dnqt/members\A075,Logo-cagaileo.png,.png,34.6,Original
D:/DNQT/web-dnqt/members\A075,Logo-cagaileo_w1024.webp,.webp,48.49,Transformed
D:/DNQT/web-dnqt/members\A076,3aed040b-ff18-4296-babe-d40565b926aa.jpg,.jpg,110.02,Original
D:/DNQT/web-dnqt/members\A076,3aed040b-ff18-4296-babe-d40565b926aa_w1024.webp,.webp,57.16,Transformed
D:/DNQT/web-dnqt/members\A076,thiet-ke-chua-co-ten-3511.png,.png,17.57,Original
D:/DNQT/web-dnqt/members\A076,thiet-ke-chua-co-ten-3511_w1024.webp,.webp,19.62,Transformed
D:/DNQT/web-dnqt/members\A077,6d2d5624-3fae-43ff-b989-c961bd340dbe.jpg,.jpg,128.01,Original
D:/DNQT/web-dnqt/members\A077,6d2d5624-3fae-43ff-b989-c961bd340dbe_w1024.webp,.webp,60.15,Transformed
D:/DNQT/web-dnqt/members\A077,719a5b79-cb70-4f01-b87f-3f99ca8cd6e7.jpg,.jpg,271.73,Original
D:/DNQT/web-dnqt/members\A077,719a5b79-cb70-4f01-b87f-3f99ca8cd6e7_w1024.webp,.webp,103.11,Transformed
D:/DNQT/web-dnqt/members\A077,91QRXCO5J4L.jpg,.jpg,652.79,Original
D:/DNQT/web-dnqt/members\A077,91QRXCO5J4L_w1024.webp,.webp,53.38,Transformed
D:/DNQT/web-dnqt/members\A077,91QRXCO5J4L_W1024.webp,.webp,53.38,Original
D:/DNQT/web-dnqt/members\A077,91QRXCO5J4L_W1024_w1024.webp,.webp,50.52,Transformed
D:/DNQT/web-dnqt/members\A077,A070_NGUYỄN HỮU CỨ.png,.png,390.52,Original
D:/DNQT/web-dnqt/members\A077,A070_NGUYỄN HỮU CỨ_w1024.webp,.webp,47.01,Transformed
D:/DNQT/web-dnqt/members\A077,Gemini_Generated_Image_6dq2156dq2156dq2 (1) - Phuoc Ly.png,.png,1294.66,Original
D:/DNQT/web-dnqt/members\A077,Gemini_Generated_Image_6dq2156dq2156dq2 (1) - Phuoc Ly_w1024.webp,.webp,51.67,Transformed
D:/DNQT/web-dnqt/members\A078,2563526720181978198.jpg,.jpg,168.96,Original
D:/DNQT/web-dnqt/members\A078,2563526720181978198_w1024.webp,.webp,47.3,Transformed
D:/DNQT/web-dnqt/members\A078,e306baf5-29cf-4fb5-841a-72cd1d131b66.jpg,.jpg,20.32,Original
D:/DNQT/web-dnqt/members\A078,e306baf5-29cf-4fb5-841a-72cd1d131b66_w1024.webp,.webp,17.36,Transformed
D:/DNQT/web-dnqt/members\A078,fb.jpg,.jpg,117.76,Original
D:/DNQT/web-dnqt/members\A078,fb_w1024.webp,.webp,62.14,Transformed
D:/DNQT/web-dnqt/members\A078,nUsgl.jpg,.jpg,74.03,Original
D:/DNQT/web-dnqt/members\A078,nUsgl_w1024.webp,.webp,33.44,Transformed
D:/DNQT/web-dnqt/members\A078,oSs3P.jpg,.jpg,81.51,Original
D:/DNQT/web-dnqt/members\A078,oSs3P_w1024.webp,.webp,33.71,Transformed
D:/DNQT/web-dnqt/members\A079,A075_HOÀNG KIM NHẬT.png,.png,763.84,Original
D:/DNQT/web-dnqt/members\A079,A075_HOÀNG KIM NHẬT_w1024.webp,.webp,96.19,Transformed
D:/DNQT/web-dnqt/members\A079,logo (1).png,.png,63.67,Original
D:/DNQT/web-dnqt/members\A079,logo (1)_w1024.webp,.webp,16.54,Transformed
D:/DNQT/web-dnqt/members\A079,logo (1).webp,.webp,6.61,Original
D:/DNQT/web-dnqt/members\A079,logo (1)_w1024.webp,.webp,20.65,Transformed
D:/DNQT/web-dnqt/members\A080,028-Logo-NganHang-Vietinbank.jpg,.jpg,19.25,Original
D:/DNQT/web-dnqt/members\A080,028-Logo-NganHang-Vietinbank_w1024.webp,.webp,11.05,Transformed
D:/DNQT/web-dnqt/members\A080,A076_TRẦN TRUNG KIÊN.png,.png,373.47,Original
D:/DNQT/web-dnqt/members\A080,A076_TRẦN TRUNG KIÊN_w1024.webp,.webp,83.13,Transformed
D:/DNQT/web-dnqt/members\A080,b19d9e1c-b666-48c4-9309-ad286ec1dbd2.jpg,.jpg,1025.25,Original
D:/DNQT/web-dnqt/members\A080,b19d9e1c-b666-48c4-9309-ad286ec1dbd2_w1024.webp,.webp,153.04,Transformed
D:/DNQT/web-dnqt/members\A080,b19d9e1c-b666-48c4-9309-ad286ec1dbd2s.jpg,.jpg,60.94,Original
D:/DNQT/web-dnqt/members\A080,b19d9e1c-b666-48c4-9309-ad286ec1dbd2s_w1024.webp,.webp,60.61,Transformed
D:/DNQT/web-dnqt/members\A080,logo-viettinbank-1.png,.png,142.6,Original
D:/DNQT/web-dnqt/members\A080,logo-viettinbank-1_w1024.webp,.webp,17.62,Transformed
D:/DNQT/web-dnqt/members\A081,3b30d00d-5043-4b08-8849-99fba8431495.jpg,.jpg,15.37,Original
D:/DNQT/web-dnqt/members\A081,3b30d00d-5043-4b08-8849-99fba8431495_w1024.webp,.webp,51.76,Transformed
D:/DNQT/web-dnqt/members\A081,82efd74301577a50be17b3ec0027ffb9.jpg,.jpg,233.04,Original
D:/DNQT/web-dnqt/members\A081,82efd74301577a50be17b3ec0027ffb9_w1024.webp,.webp,106.61,Transformed
D:/DNQT/web-dnqt/members\A081,A077_LÊ THANH HIỀN.png,.png,329.0,Original
D:/DNQT/web-dnqt/members\A081,A077_LÊ THANH HIỀN_w1024.webp,.webp,78.38,Transformed
D:/DNQT/web-dnqt/members\A081,a4ee93f3-bc31-4e11-9b66-100efb1f7af2.jpg,.jpg,219.93,Original
D:/DNQT/web-dnqt/members\A081,a4ee93f3-bc31-4e11-9b66-100efb1f7af2_w1024.webp,.webp,132.82,Transformed
D:/DNQT/web-dnqt/members\A081,Gemini_Generated_Image_ukb7vmukb7vmukb7_W1024.webp,.webp,43.89,Original
D:/DNQT/web-dnqt/members\A081,Gemini_Generated_Image_ukb7vmukb7vmukb7_W1024_w1024.webp,.webp,44.97,Transformed
D:/DNQT/web-dnqt/members\A081,gr.jpg,.jpg,88.32,Original
D:/DNQT/web-dnqt/members\A081,gr_w1024.webp,.webp,33.08,Transformed
D:/DNQT/web-dnqt/members\A081,logo-j8D-_nW5.jpg,.jpg,21.51,Original
D:/DNQT/web-dnqt/members\A081,logo-j8D-_nW5_w1024.webp,.webp,11.75,Transformed
D:/DNQT/web-dnqt/members\A082,A080_HOÀNG QUỐC VIỆT.png,.png,165.7,Original
D:/DNQT/web-dnqt/members\A082,A080_HOÀNG QUỐC VIỆT_w1024.webp,.webp,51.07,Transformed
D:/DNQT/web-dnqt/members\A082,DKW9C.jpg,.jpg,34.63,Original
D:/DNQT/web-dnqt/members\A082,DKW9C_w1024.webp,.webp,36.81,Transformed
D:/DNQT/web-dnqt/members\A082,main-logo.png,.png,16.2,Original
D:/DNQT/web-dnqt/members\A082,main-logo_w1024.webp,.webp,21.36,Transformed
D:/DNQT/web-dnqt/members\A083,3d574f9d-1fb9-42e4-8ee2-a9ac45d02fc9.jpg,.jpg,17.09,Original
D:/DNQT/web-dnqt/members\A083,3d574f9d-1fb9-42e4-8ee2-a9ac45d02fc9_w1024.webp,.webp,38.8,Transformed
D:/DNQT/web-dnqt/members\A083,A081_NGUYỄN GIA HỒNG.png,.png,425.65,Original
D:/DNQT/web-dnqt/members\A083,A081_NGUYỄN GIA HỒNG_w1024.webp,.webp,91.7,Transformed
D:/DNQT/web-dnqt/members\A083,cb524126-9362-43f6-8b9c-3b471e58c2e4.jpg,.jpg,86.43,Original
D:/DNQT/web-dnqt/members\A083,cb524126-9362-43f6-8b9c-3b471e58c2e4_w1024.webp,.webp,89.74,Transformed
D:/DNQT/web-dnqt/members\A083,Thumbnail-Youtube-Startup-wheel-2.jpg,.jpg,47.21,Original
D:/DNQT/web-dnqt/members\A083,Thumbnail-Youtube-Startup-wheel-2_w1024.webp,.webp,7.52,Transformed
D:/DNQT/web-dnqt/members\A084,6599d551-cf9b-4c1a-a5bb-5bffe77229e0.jpg,.jpg,1160.32,Original
D:/DNQT/web-dnqt/members\A084,6599d551-cf9b-4c1a-a5bb-5bffe77229e0_w1024.webp,.webp,29.09,Transformed
D:/DNQT/web-dnqt/members\A084,8a6c580f-fec2-4998-b779-e4b5a05773dc.jpg,.jpg,51.7,Original
D:/DNQT/web-dnqt/members\A084,8a6c580f-fec2-4998-b779-e4b5a05773dc_w1024.webp,.webp,70.17,Transformed
D:/DNQT/web-dnqt/members\A084,97ddbdf1fc6f72312b7e.jpg,.jpg,94.89,Original
D:/DNQT/web-dnqt/members\A084,97ddbdf1fc6f72312b7e_w1024.webp,.webp,27.68,Transformed
D:/DNQT/web-dnqt/members\A084,A082_TRƯƠNG CHUNG.png,.png,715.37,Original
D:/DNQT/web-dnqt/members\A084,A082_TRƯƠNG CHUNG_w1024.webp,.webp,120.57,Transformed
D:/DNQT/web-dnqt/members\A085,7ed3fd50-f3cb-4daf-be73-837bb166545c.jpg,.jpg,54.5,Original
D:/DNQT/web-dnqt/members\A085,7ed3fd50-f3cb-4daf-be73-837bb166545c_w1024.webp,.webp,61.8,Transformed
D:/DNQT/web-dnqt/members\A085,A083_NGUYỄN VĂN CHUYÊN.png,.png,446.94,Original
D:/DNQT/web-dnqt/members\A085,A083_NGUYỄN VĂN CHUYÊN_w1024.webp,.webp,89.78,Transformed
D:/DNQT/web-dnqt/members\A085,unnamed.png,.png,36.44,Original
D:/DNQT/web-dnqt/members\A085,unnamed_w1024.webp,.webp,16.45,Transformed
D:/DNQT/web-dnqt/members\A086,A084_NGUYỄN THỊ KIM HUỆ.png,.png,27.94,Original
D:/DNQT/web-dnqt/members\A086,A084_NGUYỄN THỊ KIM HUỆ_w1024.webp,.webp,25.4,Transformed
D:/DNQT/web-dnqt/members\A086,FjQpH.jpg,.jpg,169.95,Original
D:/DNQT/web-dnqt/members\A086,FjQpH_w1024.webp,.webp,40.51,Transformed
D:/DNQT/web-dnqt/members\A086,site-logo-1-105x70.png,.png,7.38,Original
D:/DNQT/web-dnqt/members\A086,site-logo-1-105x70_w1024.webp,.webp,55.21,Transformed
D:/DNQT/web-dnqt/members\A087,7dda30b8-4165-4f8b-ae3f-8cd0668bda42.jpg,.jpg,114.46,Original
D:/DNQT/web-dnqt/members\A087,7dda30b8-4165-4f8b-ae3f-8cd0668bda42_w1024.webp,.webp,33.03,Transformed
D:/DNQT/web-dnqt/members\A087,A085_CAO DUYÊN.png,.png,361.56,Original
D:/DNQT/web-dnqt/members\A087,A085_CAO DUYÊN_w1024.webp,.webp,40.99,Transformed
D:/DNQT/web-dnqt/members\A087,cropped-Logo-forganic-green (1).png,.png,14.81,Original
D:/DNQT/web-dnqt/members\A087,cropped-Logo-forganic-green (1)_w1024.webp,.webp,17.56,Transformed
D:/DNQT/web-dnqt/members\A088,11638bf6-b656-426d-8393-93bce32ff4b2.jpg,.jpg,98.89,Original
D:/DNQT/web-dnqt/members\A088,11638bf6-b656-426d-8393-93bce32ff4b2_w1024.webp,.webp,47.46,Transformed
D:/DNQT/web-dnqt/members\A088,88707b83-dbcc-4924-8c31-3092d3811876.jpg,.jpg,159.98,Original
D:/DNQT/web-dnqt/members\A088,88707b83-dbcc-4924-8c31-3092d3811876_w1024.webp,.webp,87.39,Transformed
D:/DNQT/web-dnqt/members\A088,Gemini_Generated_Image_so9i6rso9i6rso9i_W1024.webp,.webp,53.59,Original
D:/DNQT/web-dnqt/members\A088,Gemini_Generated_Image_so9i6rso9i6rso9i_W1024_w1024.webp,.webp,56.37,Transformed
D:/DNQT/web-dnqt/members\A088,zRnVd.jpg,.jpg,95.74,Original
D:/DNQT/web-dnqt/members\A088,zRnVd_w1024.webp,.webp,50.68,Transformed
D:/DNQT/web-dnqt/members\A089,1c20cafe-8363-481b-b025-4e08c9a0deb9.jpg,.jpg,44.19,Original
D:/DNQT/web-dnqt/members\A089,1c20cafe-8363-481b-b025-4e08c9a0deb9_w1024.webp,.webp,43.44,Transformed
D:/DNQT/web-dnqt/members\A089,21d8f6fe-765e-4add-a750-b10b0a3ec00d.jpg,.jpg,16.35,Original
D:/DNQT/web-dnqt/members\A089,21d8f6fe-765e-4add-a750-b10b0a3ec00d_w1024.webp,.webp,19.86,Transformed
D:/DNQT/web-dnqt/members\A089,A088_LÊ CHÍ PHI.png,.png,50.91,Original
D:/DNQT/web-dnqt/members\A089,A088_LÊ CHÍ PHI_w1024.webp,.webp,32.94,Transformed
D:/DNQT/web-dnqt/members\A090,A090_NGUYỄN ĐĂNG PHÚC.png,.png,186.03,Original
D:/DNQT/web-dnqt/members\A090,A090_NGUYỄN ĐĂNG PHÚC_w1024.webp,.webp,54.06,Transformed
D:/DNQT/web-dnqt/members\A091,5512065e-6a2b-41bc-b1c1-a96fa5fcb83d.jpg,.jpg,461.4,Original
D:/DNQT/web-dnqt/members\A091,5512065e-6a2b-41bc-b1c1-a96fa5fcb83d_w1024.webp,.webp,60.25,Transformed
D:/DNQT/web-dnqt/members\A091,a4b801bc-7359-4f34-a5d6-c6b4d0865dec.jpg,.jpg,13.02,Original
D:/DNQT/web-dnqt/members\A091,a4b801bc-7359-4f34-a5d6-c6b4d0865dec_w1024.webp,.webp,15.53,Transformed
D:/DNQT/web-dnqt/members\A091,LÊ VĂN Nhân.png,.png,126.78,Original
D:/DNQT/web-dnqt/members\A091,LÊ VĂN Nhân_w1024.webp,.webp,67.44,Transformed
D:/DNQT/web-dnqt/members\A093,A093_NGUYỄN VĂN HÀO.png,.png,336.19,Original
D:/DNQT/web-dnqt/members\A093,A093_NGUYỄN VĂN HÀO_w1024.webp,.webp,58.89,Transformed
D:/DNQT/web-dnqt/members\A093,f999b7cd-457f-4012-8c7b-f334d220eb52.jpg,.jpg,270.96,Original
D:/DNQT/web-dnqt/members\A093,f999b7cd-457f-4012-8c7b-f334d220eb52_w1024.webp,.webp,124.16,Transformed
D:/DNQT/web-dnqt/members\A093,images.png,.png,7.01,Original
D:/DNQT/web-dnqt/members\A093,images_w1024.webp,.webp,14.54,Transformed
D:/DNQT/web-dnqt/members\A093,q1U5D.jpg,.jpg,53.78,Original
D:/DNQT/web-dnqt/members\A093,q1U5D_w1024.webp,.webp,31.11,Transformed
D:/DNQT/web-dnqt/members\A094,A094_HOÀNG MINH CHÂU.png,.png,526.71,Original
D:/DNQT/web-dnqt/members\A094,A094_HOÀNG MINH CHÂU_w1024.webp,.webp,66.45,Transformed
D:/DNQT/web-dnqt/members\A094,HOÀNG MINH CHÂU - phuong nguyen.jpg,.jpg,124.7,Original
D:/DNQT/web-dnqt/members\A094,HOÀNG MINH CHÂU - phuong nguyen_w1024.webp,.webp,68.66,Transformed
D:/DNQT/web-dnqt/members\A095,5f52766a-0e36-40a8-8869-b5695e21ed13.jpg,.jpg,114.27,Original
D:/DNQT/web-dnqt/members\A095,5f52766a-0e36-40a8-8869-b5695e21ed13_w1024.webp,.webp,15.58,Transformed
D:/DNQT/web-dnqt/members\A095,6SbeT.jpg,.jpg,29.67,Original
D:/DNQT/web-dnqt/members\A095,6SbeT_w1024.webp,.webp,27.4,Transformed
D:/DNQT/web-dnqt/members\A095,A095_LÊ VĂN SINH.png,.png,126.24,Original
D:/DNQT/web-dnqt/members\A095,A095_LÊ VĂN SINH_w1024.webp,.webp,68.64,Transformed
D:/DNQT/web-dnqt/members\A096,A097_ĐỖ XUÂN TẢI.png,.png,108.12,Original
D:/DNQT/web-dnqt/members\A096,A097_ĐỖ XUÂN TẢI_w1024.webp,.webp,39.01,Transformed
D:/DNQT/web-dnqt/members\A096,logo.png,.png,67.32,Original
D:/DNQT/web-dnqt/members\A096,logo_w1024.webp,.webp,34.36,Transformed
D:/DNQT/web-dnqt/members\A098,A098_Võ Mạnh Tuấn.png,.png,1082.28,Original
D:/DNQT/web-dnqt/members\A098,A098_Võ Mạnh Tuấn_w1024.webp,.webp,116.86,Transformed
D:/DNQT/web-dnqt/members\A099,A099_ĐẶNG BÁ THƯỞNG.png,.png,465.02,Original
D:/DNQT/web-dnqt/members\A099,A099_ĐẶNG BÁ THƯỞNG_w1024.webp,.webp,78.94,Transformed
D:/DNQT/web-dnqt/members\A100,090ec58a-c40a-4bf7-b869-d51c1c4ba063.jpg,.jpg,28.66,Original
D:/DNQT/web-dnqt/members\A100,090ec58a-c40a-4bf7-b869-d51c1c4ba063_w1024.webp,.webp,63.57,Transformed
D:/DNQT/web-dnqt/members\A100,564598178_4069922319929038_1473188570844470974_n.jpg,.jpg,13.24,Original
D:/DNQT/web-dnqt/members\A100,564598178_4069922319929038_1473188570844470974_n_w1024.webp,.webp,15.02,Transformed
D:/DNQT/web-dnqt/members\A100,A100_NGUYỄN NHẬT BẰNG.png,.png,287.57,Original
D:/DNQT/web-dnqt/members\A100,A100_NGUYỄN NHẬT BẰNG_w1024.webp,.webp,118.79,Transformed
D:/DNQT/web-dnqt/members\A101,A101_NGUYỄN THANH PHƯƠNG.png,.png,251.97,Original
D:/DNQT/web-dnqt/members\A101,A101_NGUYỄN THANH PHƯƠNG_w1024.webp,.webp,26.41,Transformed
D:/DNQT/web-dnqt/members\A102,21b555aa-b8e0-4c97-9248-cd4fb9e093ae.jpg,.jpg,657.91,Original
D:/DNQT/web-dnqt/members\A102,21b555aa-b8e0-4c97-9248-cd4fb9e093ae_w1024.webp,.webp,80.95,Transformed
D:/DNQT/web-dnqt/members\A102,A102_NGUYỄN QUANG HỮU.png,.png,429.6,Original
D:/DNQT/web-dnqt/members\A102,A102_NGUYỄN QUANG HỮU_w1024.webp,.webp,44.64,Transformed
D:/DNQT/web-dnqt/members\A102,d7c586bf-3df2-4d59-b644-11c624ee70f4.jpg,.jpg,873.89,Original
D:/DNQT/web-dnqt/members\A102,d7c586bf-3df2-4d59-b644-11c624ee70f4_w1024.webp,.webp,129.74,Transformed
D:/DNQT/web-dnqt/members\A102,ec471ff8-6331-4c32-9f65-a9f20096d4ea.jpg,.jpg,63.15,Original
D:/DNQT/web-dnqt/members\A102,ec471ff8-6331-4c32-9f65-a9f20096d4ea_w1024.webp,.webp,59.4,Transformed
D:/DNQT/web-dnqt/members\A102,logo-1733111928.png,.png,10.69,Original
D:/DNQT/web-dnqt/members\A102,logo-1733111928_w1024.webp,.webp,15.29,Transformed
D:/DNQT/web-dnqt/members\A102,logo-1733111928.png.webp,.webp,5.92,Original
D:/DNQT/web-dnqt/members\A102,logo-1733111928.png_w1024.webp,.webp,15.28,Transformed
D:/DNQT/web-dnqt/members\A103,A103_NGUYỄN MINH VƯƠNG.png,.png,172.89,Original
D:/DNQT/web-dnqt/members\A103,A103_NGUYỄN MINH VƯƠNG_w1024.webp,.webp,35.92,Transformed
D:/DNQT/web-dnqt/members\A104,3829a412-ef2f-4014-ae3e-3cfdf3c51f4e.jpg,.jpg,104.98,Original
D:/DNQT/web-dnqt/members\A104,3829a412-ef2f-4014-ae3e-3cfdf3c51f4e_w1024.webp,.webp,111.09,Transformed
D:/DNQT/web-dnqt/members\A104,A104_NGUYỄN HỮU ÁNH.png,.png,410.4,Original
D:/DNQT/web-dnqt/members\A104,A104_NGUYỄN HỮU ÁNH_w1024.webp,.webp,70.92,Transformed
D:/DNQT/web-dnqt/members\A105,A105_LÊ VĂN TRINH.png,.png,193.59,Original
D:/DNQT/web-dnqt/members\A105,A105_LÊ VĂN TRINH_w1024.webp,.webp,39.49,Transformed
D:/DNQT/web-dnqt/members\A107,A107_Nguyễn Thanh Hưng.png,.png,941.72,Original
D:/DNQT/web-dnqt/members\A107,A107_Nguyễn Thanh Hưng_w1024.webp,.webp,138.88,Transformed
D:/DNQT/web-dnqt/members\A107,FxfPK.jpg,.jpg,68.11,Original
D:/DNQT/web-dnqt/members\A107,FxfPK_w1024.webp,.webp,40.8,Transformed
D:/DNQT/web-dnqt/members\A107,logovietnhattan-1174.png,.png,25.27,Original
D:/DNQT/web-dnqt/members\A107,logovietnhattan-1174_w1024.webp,.webp,32.17,Transformed
D:/DNQT/web-dnqt/members\A108,3124904458533345459.jpg,.jpg,193.2,Original
D:/DNQT/web-dnqt/members\A108,3124904458533345459_w1024.webp,.webp,122.82,Transformed
D:/DNQT/web-dnqt/members\A108,A108_Trần Quang Dũng.png,.png,16975.18,Original
D:/DNQT/web-dnqt/members\A108,A108_Trần Quang Dũng_w1024.webp,.webp,35.23,Transformed
D:/DNQT/web-dnqt/members\A108,CEO_PNG.png,.png,4876.13,Original
D:/DNQT/web-dnqt/members\A108,CEO_PNG_w1024.webp,.webp,34.59,Transformed
D:/DNQT/web-dnqt/members\A108,duckimtinh-90x88.png,.png,11.37,Original
D:/DNQT/web-dnqt/members\A108,duckimtinh-90x88_w1024.webp,.webp,34.72,Transformed
D:/DNQT/web-dnqt/members\A109,5a9f9d8d-4f9b-4bc9-a3d6-c867a1dcca67.jpg,.jpg,112.6,Original
D:/DNQT/web-dnqt/members\A109,5a9f9d8d-4f9b-4bc9-a3d6-c867a1dcca67_w1024.webp,.webp,20.94,Transformed
D:/DNQT/web-dnqt/members\A109,8ccf6c8a-612c-4fa7-ace8-c18fff9caced.jpg,.jpg,228.62,Original
D:/DNQT/web-dnqt/members\A109,8ccf6c8a-612c-4fa7-ace8-c18fff9caced_w1024.webp,.webp,67.56,Transformed
D:/DNQT/web-dnqt/members\A109,A109_Tô Hoài.png,.png,542.38,Original
D:/DNQT/web-dnqt/members\A109,A109_Tô Hoài_w1024.webp,.webp,92.15,Transformed
D:/DNQT/web-dnqt/members\A109,e3da02a2-18c8-449c-8b1b-8e0443020f37.jpg,.jpg,622.16,Original
D:/DNQT/web-dnqt/members\A109,e3da02a2-18c8-449c-8b1b-8e0443020f37_w1024.webp,.webp,75.94,Transformed
D:/DNQT/web-dnqt/members\A110,1-09.jpg,.jpg,938.25,Original
D:/DNQT/web-dnqt/members\A110,1-09_w1024.webp,.webp,41.93,Transformed
D:/DNQT/web-dnqt/members\A110,A110_Nguyễn Minh Hiếu.png,.png,123.65,Original
D:/DNQT/web-dnqt/members\A110,A110_Nguyễn Minh Hiếu_w1024.webp,.webp,36.62,Transformed
D:/DNQT/web-dnqt/members\A110,founder Hieu Quang Tri 2.jpg,.jpg,73.9,Original
D:/DNQT/web-dnqt/members\A110,founder Hieu Quang Tri 2_w1024.webp,.webp,36.08,Transformed
D:/DNQT/web-dnqt/members\A110,thaithienhuong-logofinal_main logo copy 6.png,.png,559.24,Original
D:/DNQT/web-dnqt/members\A110,thaithienhuong-logofinal_main logo copy 6_w1024.webp,.webp,54.72,Transformed
D:/DNQT/web-dnqt/members\A111,02c31208f34dad436a5a57abc90b78b6.jpg,.jpg,7.93,Original
D:/DNQT/web-dnqt/members\A111,02c31208f34dad436a5a57abc90b78b6_w1024.webp,.webp,17.57,Transformed
D:/DNQT/web-dnqt/members\A111,02c31208f34dad436a5a57abc90b78b6.webp,.webp,5.94,Original
D:/DNQT/web-dnqt/members\A111,02c31208f34dad436a5a57abc90b78b6_w1024.webp,.webp,11.48,Transformed
D:/DNQT/web-dnqt/members\A111,DHZ_8464 - le thi cam huong.jpeg,.jpeg,311.85,Original
D:/DNQT/web-dnqt/members\A111,DHZ_8464 - le thi cam huong_w1024.webp,.webp,83.65,Transformed
D:/DNQT/web-dnqt/members\A916,476825816_2538987889785356_4237229053637504848_n.jpg,.jpg,167.74,Original
D:/DNQT/web-dnqt/members\A916,476825816_2538987889785356_4237229053637504848_n_w1024.webp,.webp,125.06,Transformed
D:/DNQT/web-dnqt/members\A916,494200031_2622780718072739_7999267606059227365_n.jpg,.jpg,17.13,Original
D:/DNQT/web-dnqt/members\A916,494200031_2622780718072739_7999267606059227365_n_w1024.webp,.webp,59.26,Transformed
D:/DNQT/web-dnqt/members\A916,b3e43558-6045-4c88-9546-9d0cdbd40177.jpg,.jpg,454.6,Original
D:/DNQT/web-dnqt/members\A916,b3e43558-6045-4c88-9546-9d0cdbd40177_w1024.webp,.webp,215.81,Transformed
D:/DNQT/web-dnqt/members\A916,Gemini_Generated_Image_af2hdqaf2hdqaf2h_W1024.webp,.webp,61.54,Original
D:/DNQT/web-dnqt/members\A916,Gemini_Generated_Image_af2hdqaf2hdqaf2h_W1024_w1024.webp,.webp,62.5,Transformed
D:/DNQT/web-dnqt/members\A916,images (1).png,.png,5.53,Original
D:/DNQT/web-dnqt/members\A916,images (1)_w1024.webp,.webp,15.78,Transformed
D:/DNQT/web-dnqt/members\A995,5f52766a-0e36-40a8-8869-b5695e21ed13.jpg,.jpg,114.27,Original
D:/DNQT/web-dnqt/members\A995,5f52766a-0e36-40a8-8869-b5695e21ed13_w1024.webp,.webp,15.58,Transformed
D:/DNQT/web-dnqt/members\A995,6a2e8929e4896ad73398.jpg,.jpg,39.5,Original
D:/DNQT/web-dnqt/members\A995,6a2e8929e4896ad73398_w1024.webp,.webp,27.05,Transformed
D:/DNQT/web-dnqt/members\Print\A109 (Ms. Tô Hoài (Sushi)),A109-back.png,.png,773.08,Original
D:/DNQT/web-dnqt/members\Print\A109 (Ms. Tô Hoài (Sushi)),A109-back_w1024.webp,.webp,50.13,Transformed
D:/DNQT/web-dnqt/members\Print\A109 (Ms. Tô Hoài (Sushi)),A109-front.png,.png,1130.65,Original
D:/DNQT/web-dnqt/members\Print\A109 (Ms. Tô Hoài (Sushi)),A109-front_w1024.webp,.webp,61.56,Transformed
